Date,StartupName,IndustryVertical,SubVertical,CityLocation,InvestmentnType,AmountinUSD
0,0,0,0,0,0,0
1,1,1,1,1,1,1
2,2,2,2,2,2,2
3,3,3,3,3,3,3
3,4,4,4,4,4,4
4,5,5,5,5,5,5
5,6,6,6,6,6,6
6,7,7,7,7,7,7
7,8,8,8,8,8,8
8,9,9,9,9,9,9
9,10,10,10,10,10,10
10,11,11,11,11,11,11
11,12,12,12,11,12,12
11,13,13,13,12,13,13
12,14,14,14,13,14,14
13,15,15,15,14,14,15
14,16,16,16,15,15,16
15,17,17,17,16,16,17
16,18,18,18,17,17,18
17,19,19,19,17,18,19
18,20,20,20,17,19,20
19,21,21,21,17,20,21
20,22,22,22,18,21,22
21,23,23,23,19,21,23
22,24,24,24,20,22,24
23,25,25,25,21,23,25
24,26,26,26,22,24,26
25,27,27,27,23,25,27
26,28,28,28,24,26,28
27,29,29,29,25,26,29
28,30,30,30,26,27,30
29,31,31,31,27,28,31
30,32,32,32,28,29,32
31,33,33,33,28,29,33
32,34,34,34,29,30,34
33,35,35,35,30,31,35
34,36,35,36,31,32,36
34,37,36,37,31,33,37
34,38,37,38,32,34,38
34,39,38,39,33,35,39
34,40,39,40,34,36,40
34,41,40,41,35,37,41
34,42,41,42,36,38,42
35,43,42,43,37,39,43
36,44,43,44,38,40,44
36,45,44,45,39,41,45
36,46,45,46,40,42,46
36,47,46,47,41,43,47
36,48,47,48,42,44,48
37,49,48,49,43,45,49
38,50,48,50,44,45,50
38,51,49,51,45,46,51
39,52,50,52,46,47,52
39,53,51,53,47,48,53
39,54,52,54,48,49,54
40,55,52,55,49,50,55
41,56,53,56,50,51,56
42,57,54,57,51,52,57
43,58,55,58,52,53,58
43,59,56,59,52,54,59
44,60,57,60,53,55,60
45,61,58,61,54,55,61
45,62,59,62,55,56,62
46,63,60,63,56,57,63
47,64,61,64,57,58,64
48,65,62,65,58,59,65
49,66,63,66,59,60,66
50,67,64,67,60,61,67
51,68,65,68,61,62,68
52,69,66,69,61,63,69
52,70,66,70,62,63,70
52,71,67,71,63,64,71
53,72,68,72,63,64,72
54,73,69,73,64,65,73
55,74,70,74,65,66,74
56,75,71,75,66,67,75
57,76,72,76,67,68,76
57,77,73,77,68,69,77
58,78,73,77,69,70,78
58,79,74,78,70,71,79
59,80,75,79,71,71,80
60,81,76,80,72,72,81
60,82,77,81,73,73,82
60,83,78,82,74,74,83
61,84,78,83,74,75,84
61,85,79,84,75,76,85
62,86,79,85,76,77,86
63,87,80,86,77,78,87
64,88,81,87,78,79,88
65,89,82,88,79,79,89
65,90,83,89,79,80,90
66,91,84,90,80,81,91
67,92,85,91,81,82,92
68,93,86,92,82,83,93
69,94,87,93,83,83,94
69,95,88,94,84,84,95
70,96,89,95,85,85,96
71,97,90,96,86,85,97
72,98,91,97,87,86,98
73,99,92,98,87,87,99
74,100,92,99,88,87,100
75,101,93,100,89,88,101
76,102,94,101,90,89,102
77,103,95,102,91,89,103
78,104,96,103,92,90,104
78,105,97,104,92,91,105
78,106,98,105,93,92,106
79,107,99,106,94,93,107
80,108,100,107,95,94,108
80,109,100,108,96,95,109
81,110,101,109,97,96,110
81,111,102,110,98,97,111
82,112,103,111,99,98,112
83,113,104,112,100,99,113
84,114,105,113,101,100,114
85,115,106,114,102,101,115
86,116,107,115,103,102,116
87,117,108,116,104,103,117
87,118,109,117,105,104,118
88,119,110,118,106,105,119
89,120,111,119,107,106,120
90,121,112,120,108,107,121
90,122,113,121,109,107,122
91,123,114,122,110,108,123
92,124,115,122,111,108,124
92,125,116,123,112,109,125
93,126,117,124,113,110,126
94,127,118,125,114,111,127
95,128,119,126,115,112,128
96,129,120,127,115,113,129
96,130,121,128,116,114,130
97,131,122,129,117,115,130
97,132,123,130,118,116,131
98,133,124,131,119,117,132
99,134,125,132,119,118,133
100,135,126,133,120,119,134
101,136,127,134,121,120,135
102,137,128,135,122,121,136
103,138,129,136,123,122,137
103,139,130,137,124,123,138
104,140,131,138,125,124,139
105,141,132,139,126,124,140
106,142,133,140,127,125,141
106,143,134,141,128,126,142
107,144,135,142,128,127,143
108,145,136,143,129,127,144
109,146,137,144,130,128,145
110,147,138,145,131,129,146
111,148,139,146,132,130,147
112,149,140,147,133,131,148
112,150,140,148,133,132,149
113,151,141,149,134,133,150
114,152,142,150,135,133,151
114,153,143,151,135,133,152
115,154,144,152,136,134,153
115,155,145,153,137,135,154
116,156,145,154,138,135,155
116,157,146,155,139,135,156
117,158,147,156,140,135,157
118,159,148,157,141,135,158
119,160,149,158,142,135,159
119,161,150,159,143,136,160
119,162,151,160,143,137,161
120,163,151,161,143,137,162
121,164,152,162,144,138,163
121,165,153,163,145,138,164
122,166,154,164,146,139,165
123,167,154,165,147,139,166
124,168,154,166,148,140,167
124,169,154,167,149,141,168
124,170,154,168,150,141,169
125,171,154,169,151,142,170
125,172,154,170,151,143,171
125,173,154,171,151,143,172
126,174,155,172,151,144,173
126,175,156,173,151,144,174
127,176,157,174,152,144,175
127,177,158,175,153,145,176
128,178,159,175,154,146,177
129,179,159,176,155,147,178
130,180,160,177,156,148,179
130,181,161,178,157,149,180
131,182,162,179,158,150,181
131,183,163,180,159,150,182
132,184,163,181,160,150,183
132,185,164,182,160,150,184
133,186,165,183,161,150,185
134,187,166,184,162,150,186
135,188,167,185,163,150,187
136,189,168,186,164,151,188
137,190,169,187,164,151,189
138,191,170,188,165,152,190
139,192,171,189,166,152,191
140,193,171,190,167,152,192
141,194,171,191,168,153,193
141,195,171,192,168,153,194
142,196,171,193,169,153,195
142,197,172,194,170,153,196
142,198,173,195,171,154,197
142,199,174,196,172,154,197
143,200,174,197,173,154,198
144,201,175,198,174,155,199
144,202,176,199,175,155,200
145,203,176,200,176,155,201
146,204,177,201,177,156,202
146,205,178,202,177,156,203
147,206,178,203,178,157,204
148,207,178,204,179,158,205
149,208,178,205,180,159,206
150,209,178,206,181,160,207
151,210,179,207,182,161,208
151,211,179,208,183,161,209
151,212,179,209,184,161,210
152,213,180,210,184,161,211
152,214,181,211,185,162,212
153,215,182,212,186,162,213
153,216,183,213,187,163,214
153,217,184,214,187,163,215
154,218,185,215,187,163,216
154,219,186,216,187,164,217
154,220,187,217,188,164,218
155,221,188,218,189,164,219
155,222,188,219,190,164,220
156,223,189,220,191,164,221
156,224,190,221,192,165,222
157,225,191,222,193,166,223
158,226,192,223,194,167,224
158,227,193,224,195,167,225
159,228,194,225,196,167,225
159,229,195,226,197,167,225
160,230,196,227,198,168,226
160,231,197,228,199,168,227
161,232,198,229,200,168,228
162,233,199,230,201,169,229
163,234,200,231,202,170,230
163,235,201,232,203,170,231
163,236,202,233,204,171,232
164,237,203,234,205,171,233
164,238,204,235,206,171,234
164,239,205,236,207,171,235
165,240,205,237,208,171,236
165,241,206,238,209,172,237
166,242,207,239,210,172,238
166,243,208,240,211,173,239
167,244,209,241,212,173,240
167,245,210,242,213,173,241
168,246,211,243,214,174,242
169,247,212,244,215,174,243
170,248,212,245,216,174,244
170,249,212,246,217,174,245
170,250,213,247,218,175,246
171,251,214,248,219,176,247
171,252,215,249,220,176,248
172,253,216,250,221,176,249
173,254,216,251,222,177,250
173,255,217,252,222,177,251
174,256,218,253,223,177,252
175,257,219,254,224,178,253
175,258,220,255,225,179,254
176,259,221,256,226,180,255
177,260,222,257,227,180,256
178,261,223,258,227,180,257
179,262,224,259,228,180,258
180,263,224,260,229,181,259
181,264,225,261,230,181,260
182,265,226,262,230,182,261
182,266,226,263,231,183,262
183,267,227,264,232,184,263
183,268,228,265,232,184,264
184,269,229,266,232,184,264
184,270,230,267,233,184,265
185,271,231,268,234,184,265
185,272,232,269,234,184,266
186,273,233,270,235,184,267
187,274,234,271,235,184,268
188,275,235,272,236,184,269
188,276,236,273,237,185,270
189,277,237,274,237,185,271
189,278,238,275,237,185,272
190,279,239,276,238,186,273
191,280,239,277,239,187,274
191,281,240,278,240,188,275
191,282,240,279,241,188,276
191,283,241,280,242,188,277
192,284,242,281,242,189,278
193,285,243,282,243,190,279
193,286,243,283,244,191,280
194,287,244,284,245,192,281
194,288,245,285,246,192,282
194,289,246,286,246,192,283
194,290,247,287,247,192,284
195,291,248,288,248,192,285
195,292,249,289,249,193,286
196,293,250,290,250,194,287
196,294,251,291,251,195,288
197,295,251,291,252,196,289
198,296,252,292,253,196,290
198,297,253,293,254,196,291
199,298,254,294,255,197,292
200,299,254,295,256,197,293
200,300,255,296,257,197,293
200,301,256,297,258,198,294
200,302,256,298,259,199,295
201,303,257,299,260,199,296
201,304,257,300,261,200,297
201,305,258,301,261,201,298
202,306,259,302,261,202,299
202,307,259,303,262,203,300
203,308,260,304,263,204,301
204,309,261,305,263,205,302
204,310,262,306,264,205,303
205,311,262,307,265,205,304
206,312,262,308,266,205,305
207,313,262,309,266,205,306
207,314,263,310,267,206,307
208,315,264,311,268,207,308
208,316,264,312,269,207,309
208,317,265,313,270,207,310
209,318,266,314,270,208,311
210,319,267,315,271,209,312
211,320,268,316,272,210,313
211,321,268,317,273,210,314
211,322,269,318,274,210,315
211,323,270,319,275,210,316
212,324,271,320,276,211,317
213,325,272,321,277,212,318
213,326,273,322,278,213,319
214,327,273,323,278,213,320
214,328,273,324,279,214,321
215,329,273,325,280,215,321
216,330,274,326,280,216,322
217,331,275,327,281,217,323
217,332,275,328,282,218,324
218,333,275,329,283,218,325
219,334,275,330,284,219,326
219,335,276,331,285,220,327
219,336,277,332,286,220,328
219,337,278,333,286,220,329
220,338,279,334,287,221,330
221,339,279,335,288,222,330
222,340,280,336,289,223,331
222,341,281,337,290,224,332
222,342,282,338,291,224,333
222,343,282,339,291,224,334
223,344,283,340,292,224,335
224,345,284,341,292,225,336
224,346,285,342,293,226,337
225,347,286,343,294,226,338
225,348,287,344,295,227,339
226,349,288,345,296,228,340
227,350,288,346,297,229,341
227,351,289,347,298,229,342
228,352,290,348,299,229,343
228,353,291,349,300,229,344
228,354,292,350,301,229,345
229,355,292,351,302,230,346
229,356,293,352,303,231,347
230,357,294,353,303,231,348
231,358,295,354,304,232,348
231,359,296,355,304,233,349
232,360,297,356,305,233,350
232,361,297,357,306,233,351
232,362,298,358,307,233,352
232,363,299,359,308,233,353
233,364,300,360,309,233,354
233,365,301,361,310,233,355
233,366,302,362,310,234,356
234,367,303,363,311,235,357
234,368,304,364,312,235,358
234,369,305,365,313,236,359
235,370,305,366,314,236,360
235,371,305,366,315,236,361
235,372,305,367,315,236,362
235,373,306,368,315,236,363
236,374,307,369,316,237,364
236,375,308,370,317,238,365
237,376,309,371,318,239,366
237,377,309,372,319,239,367
238,378,309,373,320,240,368
239,379,310,374,321,241,369
240,380,311,375,322,242,370
240,381,312,376,322,242,371
240,382,313,377,323,242,372
240,383,314,378,324,242,373
241,384,315,379,325,242,374
241,385,316,380,326,242,375
242,386,316,381,327,243,376
242,387,316,382,328,243,377
243,388,316,383,329,244,378
243,389,317,384,330,245,379
243,390,318,385,330,246,380
244,391,319,386,331,247,380
245,392,320,387,332,248,381
246,393,321,388,333,249,382
247,394,321,389,333,249,382
248,395,322,390,334,250,383
248,396,323,391,335,251,384
249,397,324,392,336,252,385
249,398,325,393,337,252,386
249,399,326,394,338,252,387
249,400,327,395,339,252,388
250,401,327,396,340,253,389
250,402,327,397,341,254,390
251,403,327,398,341,255,391
251,404,328,399,341,256,392
251,405,329,400,342,256,393
252,406,329,401,343,256,394
253,407,329,402,344,256,395
254,408,329,403,345,257,396
254,409,330,404,346,258,397
254,410,331,405,347,258,398
254,411,332,406,348,258,399
254,412,333,407,349,258,400
255,413,334,408,350,258,401
256,414,335,409,351,258,402
256,415,336,410,351,259,403
256,416,337,411,352,260,404
257,417,338,412,353,261,405
257,418,339,413,354,262,406
258,419,340,414,355,262,407
259,420,340,415,356,262,408
259,421,341,416,357,262,409
260,422,342,417,358,262,409
260,423,343,418,359,262,410
260,424,343,419,360,263,411
260,425,343,420,361,264,412
260,426,344,421,362,265,413
261,427,345,422,362,266,414
262,428,345,423,363,266,415
263,429,345,424,364,266,416
263,430,346,425,365,266,417
263,431,347,426,366,266,418
263,432,347,427,367,267,419
264,433,347,428,368,268,420
264,434,347,429,369,268,421
265,435,347,430,370,268,422
265,436,348,431,370,268,423
265,437,349,432,371,269,424
265,438,350,433,372,270,425
266,439,351,434,373,271,426
267,440,352,435,374,271,427
267,441,353,436,375,272,428
267,442,353,437,376,272,428
267,443,353,438,376,273,429
268,444,353,439,377,274,430
268,445,353,440,378,275,431
268,446,353,441,379,276,432
268,447,354,442,380,277,433
269,448,355,443,381,278,434
269,449,355,444,382,278,434
269,450,355,445,383,278,435
269,451,355,446,384,278,436
270,452,356,447,385,278,437
270,453,357,448,385,278,438
270,454,357,449,386,279,439
270,455,358,450,387,280,440
270,456,359,451,388,280,441
271,457,360,452,389,281,442
271,458,360,453,390,282,443
272,459,361,454,391,283,444
273,460,361,455,392,283,445
273,461,361,456,393,283,446
273,462,361,457,394,283,447
274,463,361,458,395,283,448
274,464,362,459,396,283,449
275,465,363,460,397,283,450
275,466,364,461,398,284,451
275,467,364,462,399,285,452
276,468,364,463,400,285,453
277,469,364,464,401,285,454
277,470,365,465,402,285,455
278,471,366,466,403,286,456
278,472,367,467,404,286,457
278,473,368,468,405,286,457
279,474,369,469,405,286,458
279,475,370,470,406,286,459
279,476,371,471,407,286,460
280,477,371,472,407,287,461
281,478,371,473,407,287,462
281,479,372,474,408,288,462
282,480,373,475,408,288,462
282,481,373,476,409,289,463
282,482,373,477,410,289,463
283,483,373,478,410,289,464
283,484,374,479,410,289,465
283,485,375,480,411,289,465
283,486,376,481,412,289,466
284,487,376,482,413,290,467
284,488,376,483,414,290,468
284,489,376,484,414,291,468
285,490,376,485,414,291,469
285,491,377,486,415,291,470
286,492,377,487,416,292,471
287,493,377,488,417,293,472
287,494,378,489,418,294,473
288,495,378,490,418,295,474
288,496,379,491,418,296,475
288,497,380,492,419,297,476
288,498,381,493,420,297,477
288,499,382,494,421,298,477
289,500,383,495,422,299,478
289,501,384,496,423,299,479
290,502,384,497,424,299,480
291,503,384,498,425,299,481
291,504,384,499,426,300,482
291,505,384,500,426,301,483
291,506,384,501,426,301,484
291,507,385,502,427,302,485
291,508,386,503,428,302,486
291,509,387,504,428,302,487
292,510,388,505,429,303,488
293,511,389,506,430,303,488
294,512,390,507,431,304,489
294,513,391,508,432,305,490
295,514,392,509,433,306,491
295,515,393,510,433,307,492
295,516,393,511,433,308,493
296,517,394,512,434,308,494
296,518,395,513,435,309,495
296,519,396,514,436,310,496
296,520,397,515,437,311,497
297,521,398,516,438,312,498
297,522,398,517,439,312,498
297,523,398,518,440,313,499
298,524,398,519,440,314,500
298,525,398,520,440,314,501
298,526,398,521,440,315,502
299,527,398,522,441,315,503
299,528,399,523,442,316,504
299,529,400,524,443,317,505
300,530,400,525,444,317,506
300,531,401,526,445,317,507
300,532,402,527,445,317,508
300,533,402,528,445,317,509
301,534,403,529,446,318,510
301,535,404,530,447,319,511
301,536,405,531,447,320,512
301,537,406,532,447,321,512
301,538,407,533,448,322,513
301,539,407,534,449,322,514
302,540,407,535,449,323,515
302,541,408,536,449,323,516
303,542,409,537,450,323,517
303,543,410,538,451,323,518
304,544,411,539,451,324,519
305,545,412,540,452,325,520
305,546,412,541,453,326,521
305,547,413,542,454,327,522
306,548,414,543,455,327,523
306,549,414,544,456,327,524
307,550,414,545,457,327,525
308,551,414,546,458,327,525
308,552,415,547,458,327,526
308,553,416,548,459,327,527
308,554,417,549,460,328,528
309,555,417,550,460,329,529
309,556,418,551,460,329,530
309,557,419,552,460,330,531
309,558,419,553,461,331,532
310,559,420,554,462,331,533
310,560,421,555,463,331,534
310,561,422,556,464,332,535
310,562,422,557,465,333,536
310,563,423,558,466,334,537
311,564,424,559,467,335,537
311,565,424,560,467,335,538
312,566,425,561,468,336,539
313,567,426,562,469,337,540
313,568,426,563,470,338,541
314,569,426,564,470,338,542
314,570,427,565,471,339,543
315,571,428,566,472,339,544
316,572,429,567,473,339,545
316,573,430,568,474,339,546
317,574,431,569,475,339,547
317,575,432,570,476,339,548
317,576,432,571,477,339,549
318,577,433,572,478,339,550
319,578,434,573,479,339,551
319,579,435,574,480,340,552
320,580,436,575,481,341,553
320,581,436,576,482,341,554
320,582,437,577,483,341,555
320,583,438,578,484,341,556
321,584,439,579,485,341,557
321,585,439,580,486,341,558
321,586,439,581,487,341,559
321,587,439,582,488,342,560
321,588,440,583,489,343,561
321,589,440,584,490,344,562
322,590,441,585,491,345,563
322,591,442,586,492,346,564
323,592,443,587,493,347,565
323,593,444,588,494,347,566
324,594,445,589,495,348,567
324,595,446,590,495,348,568
324,596,447,591,496,349,569
324,597,448,592,497,349,570
325,598,449,593,498,350,571
325,599,450,594,499,351,572
325,600,450,595,500,351,573
325,601,450,596,501,351,574
325,602,451,597,502,352,575
326,603,452,598,503,352,576
326,604,453,599,504,353,577
326,605,454,600,505,354,578
326,606,455,601,506,355,579
327,607,456,602,507,355,580
328,608,457,603,508,356,581
328,609,457,604,509,357,582
329,610,458,605,510,358,583
330,611,459,606,511,359,584
330,612,460,607,512,359,585
330,613,460,608,512,359,585
330,614,461,609,513,359,586
331,615,461,610,514,360,587
331,616,462,611,515,361,588
332,617,463,612,515,362,588
332,618,464,613,515,363,589
332,619,465,614,516,363,590
332,620,466,615,517,363,590
332,621,467,616,517,364,591
332,622,467,617,518,364,592
333,623,467,618,519,365,593
333,624,467,619,520,366,593
333,625,467,620,521,366,593
334,626,468,621,522,367,594
334,627,469,622,523,367,595
334,628,469,623,524,367,596
334,629,469,624,525,368,597
334,630,469,625,526,368,598
335,631,470,626,527,369,599
336,632,470,627,527,369,600
337,633,470,628,528,369,601
337,634,471,629,529,370,601
337,635,471,630,530,370,602
337,636,471,631,531,370,603
338,637,472,632,532,370,604
338,638,473,633,533,370,605
338,639,473,634,534,371,605
338,640,473,635,535,371,605
339,641,474,636,536,371,605
339,642,475,637,537,372,605
339,643,476,638,537,372,605
340,644,477,639,538,373,605
341,645,478,640,538,374,606
341,646,479,641,539,374,607
342,647,480,642,539,374,608
342,648,481,643,540,374,609
342,649,482,644,541,374,610
343,650,482,645,541,375,610
344,651,483,646,541,375,611
344,652,484,647,542,375,612
344,653,485,648,543,375,613
345,654,485,649,544,375,614
345,655,486,650,545,376,615
346,656,487,651,546,376,616
347,657,487,652,547,376,617
348,658,488,653,548,376,618
349,659,489,654,549,377,619
349,660,490,655,550,378,620
350,661,490,656,551,378,621
350,662,490,657,552,378,621
351,663,490,658,553,378,621
351,664,491,659,554,379,622
351,665,492,660,555,379,623
351,666,493,661,556,380,624
351,667,493,662,556,380,625
352,668,493,663,556,381,626
353,669,494,664,557,382,627
353,670,494,665,558,382,628
354,671,495,666,559,383,629
355,672,496,667,560,383,630
355,673,497,668,561,384,631
355,674,497,669,562,385,632
356,675,498,670,563,386,633
356,676,499,671,563,386,634
357,677,500,672,563,387,635
358,678,501,673,564,388,636
359,679,502,674,565,388,637
360,680,502,675,566,388,638
360,681,502,676,567,388,639
360,682,503,677,568,388,640
361,683,504,678,569,389,641
361,684,505,679,570,389,641
362,685,505,680,571,389,642
362,686,505,681,571,389,643
363,687,506,682,572,390,644
364,688,507,683,573,390,645
364,689,507,684,574,391,646
364,690,507,685,575,391,647
365,691,508,686,575,392,648
365,692,509,687,576,392,649
365,693,510,688,577,393,649
365,694,510,689,578,393,649
366,695,510,690,579,393,650
366,696,511,691,579,394,651
367,697,512,692,579,395,652
367,698,512,693,580,396,653
368,699,512,694,581,396,654
368,700,513,695,582,397,654
368,701,513,696,583,397,654
368,702,514,697,584,397,654
369,703,515,698,584,398,655
369,704,515,699,584,399,656
369,705,516,700,584,399,657
370,706,516,701,585,399,658
371,707,517,702,585,399,659
371,708,517,703,586,399,660
371,709,518,704,586,399,660
371,710,519,705,587,399,660
372,711,519,706,587,400,661
372,712,519,707,587,400,662
373,713,520,708,588,401,663
373,714,521,709,588,402,664
373,715,521,710,589,403,665
374,716,522,711,590,404,666
375,717,523,712,591,405,667
375,718,523,713,591,406,668
375,719,523,714,592,407,669
376,720,524,715,592,407,669
377,721,525,716,592,407,670
378,722,526,717,593,408,671
378,723,526,718,593,408,672
379,724,527,719,594,408,673
379,725,528,720,595,409,674
379,726,528,721,596,410,674
379,727,528,722,597,410,675
379,728,528,723,598,411,676
379,729,528,724,598,412,677
379,730,528,725,599,412,677
380,731,528,726,600,413,678
380,732,528,727,601,413,679
381,733,528,728,602,413,680
381,734,529,729,602,414,681
381,735,529,730,603,414,681
381,736,530,731,603,415,682
382,737,530,732,604,415,683
382,738,530,733,605,415,684
383,739,530,734,606,415,685
383,740,530,735,607,416,686
383,741,531,736,608,417,687
383,742,532,737,609,417,688
383,743,533,738,610,418,689
383,744,533,739,610,419,690
384,745,534,740,611,419,691
384,746,534,741,612,419,692
384,747,534,742,612,419,693
385,748,535,743,612,419,694
385,749,535,744,613,420,695
385,750,535,745,614,420,696
386,751,535,746,615,421,697
387,752,536,747,615,421,698
387,753,537,748,616,422,699
387,754,538,749,617,422,700
387,755,539,750,618,422,701
387,756,540,751,619,422,701
387,757,541,752,620,422,701
388,758,542,753,621,423,702
388,759,542,754,622,423,703
389,760,543,755,623,424,704
389,761,543,756,624,425,705
390,762,544,757,624,425,706
390,763,545,758,625,425,707
390,764,546,759,626,426,708
390,765,546,760,627,427,709
390,766,547,761,627,427,710
391,767,548,762,628,427,711
391,768,549,763,629,427,712
391,769,549,764,630,428,713
392,770,549,765,631,429,714
392,771,549,766,631,430,715
393,772,550,767,632,431,716
393,773,551,768,633,431,717
393,774,552,769,634,431,718
394,775,552,770,635,431,719
394,776,552,771,636,431,720
394,777,553,772,637,432,721
395,778,554,773,638,432,722
395,779,554,774,639,433,723
395,780,554,775,640,433,724
396,781,554,776,641,433,725
396,782,555,777,642,433,726
397,783,555,778,643,433,727
397,784,556,779,644,433,728
398,785,556,780,645,433,729
398,786,557,781,646,433,730
399,787,558,782,647,434,731
399,788,559,783,648,435,732
399,789,560,784,649,435,733
399,790,560,785,650,436,734
400,791,560,786,650,437,735
400,792,561,787,650,438,736
401,793,562,788,651,439,737
402,794,562,789,651,440,737
402,795,562,790,652,440,737
402,796,562,791,653,440,737
402,797,563,792,654,441,737
402,798,564,793,655,442,738
403,799,565,794,656,443,739
403,800,566,795,657,444,740
403,801,567,796,658,444,740
403,802,568,797,659,444,741
403,803,569,798,660,445,742
403,804,569,799,660,445,743
404,805,569,800,661,446,744
404,806,569,801,662,446,745
404,807,569,802,663,447,745
404,808,569,803,664,447,745
405,809,569,804,665,448,745
405,810,570,805,666,449,746
405,811,571,806,667,449,747
405,812,572,807,668,450,748
405,813,573,808,668,450,749
406,814,574,809,669,451,750
406,815,575,810,670,452,751
406,816,576,811,670,452,751
407,817,577,812,671,453,752
407,818,578,813,672,454,753
407,819,579,814,673,455,754
407,820,580,815,674,456,755
408,821,581,816,674,456,756
408,822,581,817,674,456,757
409,823,581,818,674,457,757
409,824,581,819,675,457,758
409,825,582,820,675,457,759
410,826,583,821,676,458,760
410,827,583,822,677,459,761
411,828,584,823,677,460,762
411,829,584,824,678,460,763
411,830,584,825,679,461,764
412,831,585,826,679,462,765
412,832,586,827,680,462,766
413,833,587,828,681,463,766
414,834,588,829,681,463,767
414,835,589,830,682,464,768
415,836,590,831,683,464,769
415,837,591,832,684,465,770
415,838,591,833,685,466,771
415,839,591,834,686,467,772
416,840,591,835,686,468,773
417,841,592,836,687,469,774
418,842,593,837,688,470,775
419,843,593,838,689,470,775
419,844,593,839,690,470,775
419,845,594,840,691,470,775
419,846,595,841,692,471,776
420,847,596,842,693,472,777
420,848,597,843,694,472,777
420,849,597,844,695,473,778
420,850,597,845,696,473,779
421,851,598,846,697,473,780
421,852,599,847,698,473,781
422,853,599,848,699,473,782
423,854,600,849,699,473,783
423,855,601,850,699,473,784
423,856,602,851,700,473,785
423,857,603,852,701,474,786
423,858,604,853,702,475,786
424,859,605,854,703,475,787
424,860,606,855,704,475,788
424,861,606,856,704,475,789
424,862,606,857,705,475,790
424,863,607,858,706,476,791
424,864,607,859,707,476,791
425,865,607,860,708,476,792
425,866,607,861,708,477,793
425,867,608,862,709,477,794
426,868,609,863,709,477,795
426,869,610,864,709,477,796
427,870,610,865,710,478,797
427,871,611,866,711,478,797
427,872,612,867,712,478,797
427,873,613,868,713,479,798
428,874,613,869,713,479,799
428,875,614,870,714,479,800
429,876,615,871,715,480,801
429,877,616,872,715,481,802
430,878,617,873,715,481,803
430,879,618,874,715,482,804
430,880,619,875,716,482,805
431,881,620,876,716,483,806
431,882,621,877,717,483,807
431,883,622,878,718,483,807
431,884,623,879,719,483,808
431,885,624,880,720,484,809
431,886,624,881,721,484,809
432,887,625,882,722,485,809
432,888,626,883,722,485,810
433,889,626,884,723,485,811
434,890,626,885,724,486,812
435,891,626,886,725,487,813
435,892,627,887,726,488,814
435,893,628,888,727,488,814
435,894,628,889,727,488,815
435,895,629,890,728,488,816
435,896,629,891,728,488,817
435,897,629,892,729,489,818
436,898,630,893,730,489,819
436,899,630,894,731,489,820
436,900,630,895,731,489,821
437,901,630,896,732,490,822
438,902,631,897,733,491,823
438,903,632,898,734,491,824
439,904,633,899,734,492,825
440,905,634,900,735,493,826
440,906,635,901,736,493,827
440,907,635,902,737,493,828
440,908,636,903,738,494,829
441,909,637,904,739,494,830
441,910,637,905,739,495,831
442,911,637,906,740,495,832
442,912,637,907,741,495,833
442,913,638,908,742,495,834
442,914,639,909,743,496,835
442,915,640,910,744,497,836
442,916,641,911,745,497,837
443,917,641,912,746,497,838
443,918,642,913,747,498,839
443,919,642,914,748,498,839
443,920,643,915,749,499,840
444,921,643,916,750,500,841
444,922,643,917,751,500,842
445,923,643,918,752,501,842
446,924,643,919,753,501,843
446,925,643,920,753,501,844
446,926,643,921,754,502,845
446,927,644,922,755,502,845
447,928,645,923,756,503,846
447,929,646,924,757,504,847
447,930,647,925,758,505,848
447,931,648,926,759,506,849
447,932,649,927,760,507,850
448,933,649,928,761,508,851
448,934,650,929,761,508,852
448,935,651,930,762,508,853
448,936,652,931,763,509,854
448,937,653,932,764,510,855
448,938,654,933,765,511,856
449,939,655,934,766,511,857
450,940,656,935,766,512,858
450,941,656,936,767,512,859
450,942,656,937,768,513,860
451,943,657,938,769,513,861
451,944,657,939,770,513,861
451,945,657,940,771,513,862
451,946,658,941,772,514,863
451,947,658,942,773,515,864
452,948,659,943,774,515,865
452,949,660,944,775,516,866
452,950,661,945,776,516,867
452,951,661,946,777,517,868
453,952,661,947,778,518,869
453,953,661,948,779,519,870
454,954,662,949,780,520,871
454,955,663,950,780,520,872
454,956,664,951,781,520,873
454,957,665,952,781,520,874
455,958,665,953,782,521,874
456,959,666,954,783,521,875
456,960,667,955,784,522,876
457,961,667,956,785,523,877
457,962,668,957,786,524,878
457,963,669,958,787,525,879
457,964,669,959,788,526,880
458,965,670,960,788,526,881
459,966,671,961,789,527,882
459,967,672,962,790,527,883
459,968,673,963,790,527,884
460,969,674,964,791,528,885
460,970,675,965,792,528,886
461,971,675,966,793,529,887
461,972,676,967,794,529,888
462,973,676,968,795,530,889
462,974,677,969,795,530,890
462,975,678,970,796,531,891
463,976,679,971,796,532,892
464,977,680,972,797,533,893
464,978,681,973,798,533,894
464,979,682,974,799,533,895
465,980,683,975,800,534,896
465,981,684,976,801,534,897
465,982,685,977,802,534,898
465,983,686,978,802,535,899
465,984,687,979,802,535,900
465,985,688,980,802,536,901
466,986,689,981,803,537,902
466,987,689,982,804,538,902
466,988,690,983,805,538,902
467,989,690,984,806,538,903
467,990,691,985,806,539,904
467,991,692,986,807,539,905
467,992,693,987,808,539,906
467,993,694,988,809,540,906
467,994,694,989,810,541,907
468,995,694,990,810,542,908
469,996,695,991,811,542,908
470,997,695,992,812,543,909
470,998,696,993,813,544,910
471,999,697,994,814,544,911
471,1000,697,995,815,545,912
472,1001,697,996,816,546,913
472,1002,698,997,817,547,914
472,1003,699,998,818,547,915
472,1004,700,999,819,548,916
472,1005,701,1000,820,548,917
473,1006,702,1001,821,549,918
473,1007,703,1002,822,550,919
473,1008,704,1003,823,551,920
474,1009,704,1004,823,551,921
474,1010,705,1005,824,552,922
475,1011,706,1006,825,553,923
475,1012,706,1007,825,553,924
475,1013,707,1008,826,553,925
475,1014,707,1009,827,553,926
475,1015,707,1010,828,554,927
475,1016,708,1011,829,554,928
476,1017,709,1012,830,554,929
476,1018,709,1013,831,555,930
476,1019,710,1014,832,556,931
477,1020,711,1015,832,556,931
477,1021,711,1016,833,557,932
477,1022,712,1017,834,558,933
478,1023,713,1018,835,559,934
478,1024,713,1019,836,559,934
479,1025,714,1020,837,560,935
479,1026,715,1021,838,560,936
479,1027,716,1022,838,561,937
479,1028,717,1023,838,562,938
479,1029,717,1024,839,563,938
479,1030,718,1025,840,564,939
480,1031,719,1026,841,564,939
481,1032,720,1027,842,565,940
482,1033,721,1028,843,565,941
483,1034,721,1029,844,566,942
484,1035,721,1030,845,567,943
484,1036,721,1031,846,568,944
485,1037,721,1032,847,568,944
486,1038,721,1033,848,568,944
486,1039,721,1034,849,568,945
486,1040,722,1035,850,568,946
487,1041,723,1036,851,569,947
487,1042,724,1037,852,569,948
488,1043,725,1038,853,570,949
489,1044,726,1039,854,570,950
489,1045,727,1040,855,570,951
489,1046,728,1041,856,570,951
490,1047,729,1042,857,570,951
491,1048,730,1043,858,571,951
491,1049,731,1044,858,571,951
492,1050,732,1045,859,571,952
493,1051,733,1046,859,571,953
494,1052,733,1047,860,571,954
495,1053,734,1048,861,571,955
495,1054,734,1049,861,571,956
495,1055,735,1050,862,571,957
495,1056,735,1051,863,572,958
495,1057,735,1052,863,572,959
495,1058,736,1053,863,573,960
496,1059,737,1054,864,574,961
497,1060,737,1055,865,575,962
497,1061,737,1056,866,575,963
498,1062,738,1057,867,575,964
498,1063,739,1058,868,576,965
498,1064,739,1059,868,576,966
499,1065,739,1060,868,577,967
499,1066,740,1061,868,577,968
500,1067,741,1062,868,578,968
500,1068,741,1063,868,579,969
500,1069,742,1064,869,580,970
500,1070,743,1065,870,580,971
501,1071,743,1066,871,581,972
501,1072,743,1067,871,581,973
501,1073,743,1068,871,581,974
501,1074,743,1069,872,582,975
501,1075,743,1070,873,582,976
501,1076,743,1071,874,582,977
502,1077,744,1072,875,582,978
502,1078,745,1073,876,582,978
502,1079,745,1074,877,582,979
502,1080,746,1075,878,582,980
503,1081,747,1076,878,582,981
503,1082,747,1077,879,583,982
503,1083,748,1078,880,584,983
503,1084,749,1079,881,585,983
504,1085,750,1080,882,586,983
504,1086,751,1081,883,587,983
504,1087,752,1082,884,588,983
504,1088,752,1083,885,588,983
505,1089,753,1084,885,588,984
506,1090,754,1085,886,588,985
506,1091,754,1086,887,588,985
506,1092,754,1087,887,589,986
506,1093,754,1088,888,590,987
507,1094,755,1089,889,590,987
507,1095,755,1090,890,591,988
507,1096,755,1091,891,591,989
507,1097,755,1092,892,591,990
507,1098,756,1093,893,591,991
508,1099,757,1094,894,592,991
508,1100,758,1095,895,593,992
508,1101,758,1096,896,593,993
508,1102,758,1097,897,593,994
508,1103,759,1098,898,593,995
509,1104,760,1099,899,594,996
510,1105,761,1100,900,595,997
510,1106,761,1101,901,596,998
510,1107,761,1102,902,596,999
511,1108,762,1103,903,596,1000
511,1109,762,1104,904,596,1001
511,1110,763,1105,905,596,1002
511,1111,764,1106,906,596,1003
511,1112,764,1107,907,596,1004
512,1113,765,1108,908,597,1005
512,1114,766,1109,908,598,1006
513,1115,767,1110,909,599,1007
513,1116,768,1111,910,599,1008
513,1117,768,1112,910,599,1009
514,1118,768,1113,910,600,1010
514,1119,768,1114,911,600,1011
514,1120,769,1115,912,601,1012
515,1121,770,1116,913,602,1013
515,1122,771,1117,914,603,1014
515,1123,771,1118,915,604,1015
516,1124,772,1119,916,604,1016
516,1125,773,1120,917,604,1017
517,1126,774,1121,918,604,1017
517,1127,775,1122,919,604,1017
517,1128,776,1123,920,604,1017
517,1129,776,1124,921,604,1017
517,1130,776,1125,922,605,1018
517,1131,776,1126,923,606,1019
517,1132,777,1127,923,606,1020
518,1133,778,1128,924,607,1021
518,1134,778,1129,925,608,1022
519,1135,779,1130,926,609,1023
519,1136,779,1131,927,609,1024
519,1137,780,1132,928,610,1025
519,1138,780,1133,929,610,1026
520,1139,780,1134,930,611,1027
520,1140,781,1135,931,612,1028
520,1141,781,1136,932,613,1029
520,1142,781,1137,933,614,1030
520,1143,782,1138,934,614,1031
521,1144,783,1139,935,615,1032
521,1145,784,1140,936,616,1033
521,1146,785,1141,937,617,1034
522,1147,786,1142,938,618,1035
522,1148,786,1143,939,618,1036
522,1149,786,1144,940,618,1037
522,1150,787,1145,941,618,1038
522,1151,787,1146,941,618,1038
522,1152,788,1147,942,618,1039
523,1153,788,1148,943,618,1040
523,1154,789,1149,944,619,1041
523,1155,789,1150,944,619,1042
523,1156,789,1151,944,619,1043
524,1157,789,1152,945,619,1044
524,1158,790,1153,946,620,1045
525,1159,790,1154,947,621,1046
525,1160,790,1155,947,621,1047
526,1161,791,1156,948,622,1048
526,1162,792,1157,949,622,1049
526,1163,792,1158,950,623,1049
526,1164,792,1159,950,623,1050
527,1165,792,1160,951,624,1051
527,1166,792,1161,952,624,1052
527,1167,793,1162,953,624,1053
527,1168,793,1163,954,624,1054
528,1169,794,1164,955,625,1055
528,1170,795,1165,956,626,1056
528,1171,796,1166,957,626,1057
529,1172,797,1167,957,627,1058
529,1173,798,1168,958,627,1059
529,1174,799,1169,959,628,1059
529,1175,800,1170,960,628,1059
529,1176,801,1171,961,628,1059
530,1177,802,1172,962,628,1059
530,1178,803,1173,963,628,1059
530,1179,804,1174,964,628,1060
530,1180,805,1175,965,629,1061
531,1181,806,1176,966,629,1062
532,1182,807,1177,967,630,1063
533,1183,807,1178,968,631,1064
533,1184,807,1179,969,632,1065
533,1185,807,1180,970,632,1065
534,1186,807,1181,971,633,1065
535,1187,807,1182,971,634,1066
536,1188,807,1183,972,635,1067
536,1189,807,1184,973,636,1068
536,1190,807,1185,974,636,1069
536,1191,808,1186,974,636,1069
537,1192,809,1187,975,637,1070
537,1193,810,1188,976,638,1071
537,1194,810,1189,977,639,1072
538,1195,811,1190,978,639,1073
538,1196,812,1191,979,639,1074
538,1197,813,1192,980,640,1075
538,1198,814,1193,981,640,1076
538,1199,815,1194,982,640,1076
539,1200,815,1195,983,640,1077
539,1201,815,1196,984,641,1078
540,1202,816,1197,985,641,1079
540,1203,817,1198,986,641,1080
541,1204,817,1199,987,641,1081
541,1205,817,1200,988,641,1082
542,1206,817,1201,989,641,1083
542,1207,818,1202,990,641,1084
542,1208,818,1203,990,641,1084
543,1209,819,1204,991,641,1084
544,1210,820,1205,992,641,1085
544,1211,820,1206,993,641,1086
545,1212,821,1207,994,642,1087
545,1213,822,1208,994,643,1088
545,1214,823,1209,994,643,1089
546,1215,823,1210,994,643,1090
547,1216,823,1211,994,644,1091
547,1217,824,1212,995,645,1092
547,1218,825,1213,995,646,1093
547,1219,825,1214,996,646,1093
547,1220,825,1215,997,646,1094
548,1221,826,1216,998,646,1095
548,1222,827,1217,999,646,1096
548,1223,828,1218,999,646,1096
549,1224,828,1219,1000,646,1097
549,1225,829,1220,1000,646,1098
550,1226,830,1221,1001,647,1099
550,1227,830,1222,1002,648,1100
550,1228,830,1223,1003,648,1101
550,1229,831,1224,1004,649,1102
550,1230,831,1225,1004,650,1103
550,1231,832,1226,1005,650,1104
551,1232,832,1227,1006,651,1105
551,1233,833,1228,1007,652,1106
551,1234,834,1229,1008,653,1107
552,1235,835,1230,1009,654,1108
552,1236,835,1231,1010,654,1108
552,1237,835,1232,1011,655,1109
552,1238,835,1233,1012,655,1110
552,1239,835,1234,1013,655,1110
553,1240,835,1235,1014,656,1110
553,1241,835,1236,1015,657,1110
553,1242,835,1237,1016,658,1110
554,1243,835,1238,1017,658,1110
555,1244,835,1239,1017,658,1111
555,1245,836,1240,1018,659,1112
556,1246,837,1241,1019,660,1113
556,1247,837,1242,1020,661,1114
557,1248,837,1243,1021,661,1115
557,1249,838,1244,1022,662,1116
557,1250,838,1245,1022,662,1117
557,1251,839,1246,1022,662,1118
557,1252,839,1247,1022,663,1119
557,1253,840,1248,1023,664,1120
557,1254,841,1249,1024,664,1121
557,1255,842,1250,1025,664,1122
557,1256,842,1251,1026,665,1123
557,1257,842,1252,1026,666,1124
557,1258,842,1253,1027,666,1125
558,1259,843,1254,1028,666,1126
558,1260,844,1255,1028,667,1127
558,1261,844,1256,1028,667,1128
558,1262,845,1257,1029,667,1129
558,1263,846,1258,1030,668,1130
559,1264,846,1259,1031,669,1131
559,1265,846,1260,1032,670,1132
559,1266,847,1261,1032,671,1132
559,1267,848,1262,1033,671,1133
559,1268,848,1263,1033,671,1134
559,1269,849,1264,1034,671,1135
559,1270,849,1265,1035,671,1136
559,1271,849,1266,1036,672,1137
559,1272,849,1267,1037,673,1138
559,1273,849,1268,1038,673,1139
560,1274,849,1269,1039,674,1140
560,1275,849,1270,1040,675,1140
560,1276,850,1271,1041,675,1140
560,1277,850,1272,1042,675,1141
561,1278,851,1273,1043,676,1142
561,1279,852,1274,1044,676,1143
561,1280,853,1275,1044,676,1144
561,1281,854,1276,1045,677,1145
562,1282,855,1277,1045,678,1146
562,1283,855,1278,1046,679,1147
562,1284,856,1279,1046,679,1148
562,1285,857,1280,1047,680,1149
563,1286,858,1281,1048,680,1150
564,1287,859,1282,1049,681,1151
564,1288,859,1283,1050,682,1152
565,1289,859,1284,1051,682,1153
566,1290,860,1285,1052,683,1154
566,1291,860,1286,1053,684,1155
566,1292,861,1287,1054,684,1155
566,1293,862,1288,1055,684,1156
567,1294,863,1289,1056,684,1157
567,1295,863,1290,1057,685,1158
567,1296,864,1291,1058,685,1159
567,1297,865,1292,1059,686,1160
567,1298,866,1293,1060,686,1160
567,1299,866,1294,1061,686,1160
568,1300,866,1295,1061,687,1161
568,1301,866,1296,1062,688,1162
568,1302,866,1297,1063,688,1163
569,1303,867,1298,1064,688,1164
569,1304,868,1299,1065,688,1164
569,1305,868,1300,1066,688,1165
569,1306,869,1301,1067,689,1166
570,1307,870,1302,1068,690,1167
570,1308,871,1303,1069,691,1168
570,1309,872,1304,1070,692,1168
570,1310,873,1305,1071,693,1169
570,1311,873,1306,1072,694,1170
571,1312,874,1307,1072,695,1171
571,1313,874,1308,1072,695,1172
571,1314,875,1309,1073,695,1173
572,1315,876,1310,1074,696,1174
572,1316,876,1311,1075,696,1174
572,1317,876,1312,1076,697,1174
573,1318,876,1313,1077,698,1175
574,1319,877,1314,1078,698,1176
575,1320,878,1315,1079,699,1177
575,1321,878,1316,1080,699,1178
576,1322,879,1317,1081,699,1179
576,1323,880,1318,1082,700,1180
576,1324,881,1319,1083,700,1181
576,1325,882,1320,1084,700,1181
576,1326,883,1321,1084,700,1182
577,1327,884,1322,1085,700,1183
577,1328,884,1323,1086,700,1184
577,1329,885,1324,1087,701,1185
578,1330,886,1325,1088,701,1186
578,1331,887,1326,1089,701,1187
578,1332,887,1327,1090,701,1188
579,1333,888,1328,1090,702,1189
580,1334,889,1329,1091,702,1190
580,1335,889,1330,1092,702,1190
580,1336,889,1331,1093,702,1190
581,1337,889,1332,1093,703,1191
582,1338,890,1333,1094,704,1192
583,1339,891,1334,1095,705,1193
583,1340,891,1335,1096,705,1194
583,1341,892,1336,1097,706,1195
583,1342,893,1337,1098,706,1195
584,1343,893,1338,1099,707,1195
585,1344,893,1339,1100,708,1195
585,1345,894,1340,1101,708,1195
586,1346,894,1341,1102,709,1196
586,1347,895,1342,1103,710,1197
586,1348,896,1343,1104,711,1198
586,1349,897,1344,1105,711,1199
587,1350,898,1345,1106,711,1200
587,1351,899,1346,1107,712,1201
587,1352,900,1347,1108,713,1202
587,1353,901,1348,1109,714,1203
588,1354,902,1349,1110,714,1204
588,1355,903,1350,1110,714,1205
589,1356,904,1351,1110,715,1206
589,1357,905,1352,1110,716,1207
590,1358,906,1353,1111,716,1207
590,1359,907,1354,1112,716,1208
590,1360,907,1355,1113,716,1209
590,1361,907,1356,1114,716,1210
591,1362,907,1357,1115,716,1211
591,1363,908,1358,1116,717,1212
591,1364,909,1359,1117,717,1213
591,1365,910,1360,1118,718,1214
592,1366,910,1361,1119,718,1215
592,1367,910,1362,1120,718,1215
592,1368,911,1363,1121,718,1215
592,1369,912,1364,1122,719,1216
593,1370,912,1365,1123,720,1217
593,1371,912,1366,1124,720,1218
593,1372,913,1367,1124,721,1219
594,1373,914,1368,1125,722,1220
594,1374,915,1369,1126,723,1221
594,1375,916,1370,1126,723,1222
595,1376,916,1371,1127,724,1223
595,1377,916,1372,1128,725,1224
596,1378,916,1373,1129,726,1225
596,1379,917,1374,1130,727,1226
596,1380,918,1375,1131,727,1227
597,1381,918,1376,1131,728,1228
597,1382,919,1377,1132,728,1229
597,1383,920,1378,1133,728,1230
598,1384,921,1379,1134,728,1231
598,1385,921,1380,1135,728,1232
598,1386,922,1381,1136,729,1233
598,1387,922,1382,1137,730,1234
598,1388,923,1383,1138,730,1235
599,1389,923,1384,1138,731,1236
599,1390,923,1385,1139,731,1237
599,1391,924,1386,1139,732,1238
599,1392,924,1387,1139,732,1239
599,1393,924,1388,1140,733,1240
600,1394,924,1389,1141,733,1241
600,1395,925,1390,1142,734,1242
600,1396,925,1391,1143,734,1242
600,1397,926,1392,1144,734,1242
601,1398,927,1393,1145,734,1242
601,1399,927,1394,1146,735,1242
602,1400,927,1395,1147,735,1243
602,1401,927,1396,1148,736,1244
603,1402,928,1397,1149,736,1245
603,1403,929,1398,1150,736,1246
603,1404,929,1399,1151,736,1246
603,1405,930,1400,1152,737,1247
604,1406,931,1401,1153,738,1248
604,1407,931,1402,1154,738,1249
604,1408,932,1403,1155,739,1250
605,1409,932,1404,1156,740,1251
605,1410,933,1405,1157,741,1252
605,1411,934,1406,1158,742,1253
606,1412,935,1407,1159,743,1254
606,1413,936,1408,1160,744,1255
606,1414,936,1409,1161,744,1256
606,1415,937,1410,1162,745,1257
606,1416,938,1411,1163,745,1258
607,1417,938,1412,1164,745,1259
607,1418,938,1413,1165,746,1260
607,1419,939,1414,1166,746,1261
608,1420,940,1415,1167,747,1262
608,1421,941,1416,1168,748,1263
608,1422,941,1417,1169,748,1264
609,1423,941,1418,1170,748,1265
609,1424,942,1419,1171,748,1266
610,1425,943,1420,1172,749,1266
611,1426,944,1421,1173,750,1267
612,1427,944,1422,1174,751,1268
612,1428,945,1423,1175,752,1269
612,1429,946,1424,1176,752,1270
612,1430,947,1425,1177,752,1271
613,1431,948,1426,1178,752,1272
613,1432,949,1427,1179,752,1272
614,1433,950,1428,1180,752,1273
614,1434,951,1429,1181,752,1274
615,1435,952,1430,1182,753,1275
615,1436,952,1431,1183,753,1276
615,1437,952,1432,1183,754,1277
615,1438,953,1433,1184,755,1278
616,1439,953,1434,1185,755,1279
616,1440,954,1435,1185,755,1279
616,1441,955,1436,1186,755,1280
616,1442,955,1437,1187,756,1281
616,1443,956,1438,1188,756,1282
617,1444,957,1439,1189,756,1282
618,1445,957,1440,1190,756,1282
618,1446,958,1441,1191,757,1283
618,1447,958,1442,1191,757,1284
618,1448,959,1443,1192,757,1285
618,1449,959,1444,1193,757,1286
618,1450,960,1445,1194,758,1287
618,1451,961,1446,1195,758,1288
619,1452,962,1447,1196,758,1289
619,1453,963,1448,1197,758,1290
619,1454,963,1449,1197,759,1291
619,1455,964,1450,1197,760,1292
620,1456,965,1451,1197,760,1292
620,1457,966,1452,1198,761,1292
621,1458,967,1453,1199,761,1293
621,1459,968,1454,1200,761,1294
621,1460,968,1455,1201,761,1295
622,1461,969,1456,1202,762,1295
622,1462,970,1457,1203,763,1296
622,1463,971,1458,1203,763,1297
623,1464,972,1459,1204,764,1297
623,1465,973,1460,1204,764,1298
623,1466,973,1461,1205,764,1299
623,1467,974,1462,1206,764,1300
624,1468,975,1463,1206,764,1301
624,1469,975,1464,1207,765,1302
624,1470,976,1465,1208,766,1303
624,1471,977,1466,1209,766,1304
624,1472,978,1467,1210,766,1305
624,1473,979,1468,1211,766,1306
624,1474,980,1469,1212,767,1307
624,1475,981,1470,1213,767,1308
624,1476,982,1471,1214,768,1309
625,1477,983,1472,1215,768,1309
625,1478,984,1473,1216,769,1310
625,1479,985,1474,1216,770,1311
625,1480,986,1475,1217,770,1311
625,1481,986,1476,1218,771,1312
626,1482,986,1477,1219,772,1313
626,1483,986,1478,1219,773,1314
626,1484,986,1479,1220,774,1315
626,1485,986,1480,1221,774,1316
627,1486,986,1481,1222,775,1317
627,1487,986,1482,1223,775,1318
627,1488,986,1483,1224,775,1319
627,1489,986,1484,1225,775,1320
627,1490,986,1485,1226,775,1321
628,1491,987,1486,1227,776,1322
628,1492,988,1487,1228,776,1323
628,1493,989,1488,1229,777,1324
628,1494,990,1489,1229,777,1325
628,1495,991,1490,1229,777,1326
628,1496,992,1491,1230,777,1327
629,1497,993,1492,1230,777,1328
629,1498,994,1493,1230,778,1329
630,1499,994,1494,1231,779,1329
630,1500,995,1495,1232,780,1329
630,1501,996,1496,1233,780,1330
630,1502,996,1497,1234,781,1331
631,1503,996,1498,1235,781,1332
632,1504,996,1499,1236,782,1333
632,1505,996,1500,1237,783,1334
632,1506,997,1501,1238,784,1335
632,1507,998,1502,1238,785,1336
632,1508,999,1503,1239,786,1337
632,1509,1000,1504,1240,787,1338
633,1510,1001,1505,1241,787,1339
633,1511,1001,1506,1242,787,1340
633,1512,1002,1507,1242,788,1341
634,1513,1002,1508,1243,789,1342
634,1514,1003,1509,1244,790,1343
634,1515,1004,1510,1245,790,1344
635,1516,1005,1511,1246,791,1345
635,1517,1006,1512,1247,791,1346
635,1518,1007,1513,1248,791,1347
635,1519,1008,1514,1249,792,1347
636,1520,1009,1515,1250,792,1347
636,1521,1009,1516,1251,793,1348
637,1522,1010,1517,1251,793,1349
637,1523,1011,1518,1252,793,1350
637,1524,1012,1519,1252,793,1351
638,1525,1013,1520,1252,793,1352
638,1526,1014,1521,1253,794,1353
638,1527,1014,1522,1254,795,1353
638,1528,1014,1523,1255,796,1353
638,1529,1014,1524,1256,796,1353
639,1530,1014,1525,1256,797,1354
639,1531,1014,1526,1257,798,1355
639,1532,1014,1527,1258,798,1356
639,1533,1014,1528,1259,799,1357
639,1534,1014,1529,1259,799,1358
639,1535,1014,1530,1259,799,1359
639,1536,1014,1530,1260,800,1360
639,1537,1015,1531,1261,800,1360
640,1538,1016,1532,1262,800,1361
640,1539,1017,1533,1263,801,1362
640,1540,1018,1534,1264,801,1363
641,1541,1019,1535,1265,802,1364
641,1542,1020,1536,1266,803,1365
641,1543,1021,1537,1267,804,1366
641,1544,1021,1538,1267,804,1367
641,1545,1021,1539,1267,804,1368
641,1546,1022,1540,1268,805,1369
642,1547,1022,1541,1269,806,1370
642,1548,1022,1542,1270,806,1370
642,1549,1023,1543,1271,807,1371
642,1550,1024,1544,1271,807,1372
642,1551,1024,1545,1272,808,1372
643,1552,1024,1546,1273,809,1373
643,1553,1025,1547,1274,809,1374
643,1554,1026,1548,1275,809,1375
643,1555,1027,1549,1276,810,1376
644,1556,1027,1550,1277,811,1377
644,1557,1028,1551,1278,812,1378
644,1558,1029,1552,1279,812,1379
645,1559,1029,1553,1280,813,1380
645,1560,1030,1554,1281,814,1381
645,1561,1031,1555,1281,814,1382
645,1562,1032,1556,1282,815,1383
646,1563,1033,1557,1283,816,1384
646,1564,1034,1558,1284,817,1384
647,1565,1035,1559,1285,817,1384
647,1566,1036,1560,1285,818,1384
647,1567,1037,1561,1286,819,1385
647,1568,1038,1562,1286,820,1386
647,1569,1039,1563,1286,821,1387
648,1570,1039,1564,1287,822,1388
648,1571,1039,1565,1288,822,1389
648,1572,1040,1566,1289,823,1390
649,1573,1041,1567,1290,824,1391
650,1574,1042,1568,1291,825,1392
650,1575,1043,1569,1291,825,1393
650,1576,1044,1570,1291,826,1394
650,1577,1044,1571,1292,827,1395
650,1578,1044,1572,1293,827,1396
651,1579,1045,1573,1294,828,1396
651,1580,1046,1574,1295,828,1397
651,1581,1047,1575,1295,828,1398
651,1582,1048,1576,1296,828,1399
651,1583,1048,1577,1297,828,1399
651,1584,1049,1578,1297,829,1400
651,1585,1050,1579,1298,830,1401
651,1586,1051,1580,1299,830,1402
652,1587,1052,1581,1300,830,1403
652,1588,1053,1582,1301,830,1403
652,1589,1054,1583,1302,830,1404
653,1590,1055,1584,1302,830,1405
653,1591,1056,1585,1303,831,1406
653,1592,1057,1586,1304,832,1407
653,1593,1058,1587,1305,833,1407
653,1594,1059,1588,1306,834,1407
654,1595,1060,1589,1307,835,1407
654,1596,1061,1590,1307,835,1407
654,1597,1062,1591,1308,835,1407
655,1598,1062,1592,1309,836,1407
655,1599,1063,1593,1310,837,1408
655,1600,1064,1594,1311,838,1409
656,1601,1064,1595,1312,838,1410
656,1602,1065,1596,1312,839,1410
656,1603,1066,1597,1312,840,1410
656,1604,1067,1598,1313,841,1411
656,1605,1068,1599,1314,842,1412
656,1606,1068,1600,1315,843,1413
657,1607,1068,1601,1316,844,1414
657,1608,1069,1602,1317,845,1415
658,1609,1070,1603,1318,845,1416
658,1610,1070,1604,1319,845,1417
658,1611,1070,1605,1320,846,1418
658,1612,1070,1606,1321,847,1418
658,1613,1071,1607,1322,847,1419
658,1614,1072,1608,1323,848,1420
659,1615,1073,1609,1324,849,1421
659,1616,1074,1610,1325,849,1422
659,1617,1074,1611,1325,849,1423
659,1618,1075,1612,1325,850,1424
659,1619,1076,1613,1325,850,1424
660,1620,1077,1614,1326,850,1424
660,1621,1078,1615,1326,850,1424
660,1622,1078,1616,1327,850,1424
661,1623,1078,1617,1328,850,1425
661,1624,1078,1618,1329,850,1426
661,1625,1078,1619,1330,851,1426
661,1626,1078,1620,1331,851,1426
661,1627,1079,1621,1332,852,1427
661,1628,1080,1622,1333,852,1428
661,1629,1081,1623,1334,852,1429
661,1630,1082,1624,1335,852,1430
661,1631,1083,1625,1336,853,1431
662,1632,1084,1626,1337,854,1432
663,1633,1085,1627,1338,855,1433
663,1634,1086,1628,1339,856,1434
663,1635,1087,1629,1340,856,1435
663,1636,1088,1630,1341,857,1435
664,1637,1088,1631,1342,858,1436
664,1638,1088,1632,1343,858,1437
664,1639,1089,1633,1343,858,1438
664,1640,1090,1634,1344,859,1439
664,1641,1091,1635,1344,859,1440
664,1642,1091,1636,1345,860,1441
665,1643,1092,1637,1346,860,1442
665,1644,1092,1638,1346,860,1443
665,1645,1092,1639,1347,860,1444
665,1646,1092,1640,1348,861,1445
666,1647,1092,1641,1349,861,1446
666,1648,1093,1642,1350,862,1447
666,1649,1094,1643,1350,863,1448
666,1650,1094,1644,1351,864,1449
666,1651,1094,1645,1352,864,1450
666,1652,1094,1646,1353,864,1450
667,1653,1095,1647,1354,865,1451
667,1654,1096,1648,1355,866,1452
667,1655,1097,1649,1356,866,1453
667,1656,1098,1650,1356,867,1454
668,1657,1099,1651,1356,867,1455
668,1658,1099,1652,1357,868,1456
668,1659,1099,1653,1357,869,1457
668,1660,1100,1654,1358,869,1458
669,1661,1101,1655,1359,870,1459
669,1662,1102,1656,1360,870,1460
669,1663,1103,1657,1361,870,1461
670,1664,1104,1658,1362,870,1462
671,1665,1105,1659,1363,871,1463
671,1666,1105,1660,1364,871,1464
671,1667,1105,1661,1365,872,1465
671,1668,1105,1662,1366,872,1466
671,1669,1105,1663,1367,872,1467
671,1670,1106,1664,1367,873,1468
672,1671,1107,1665,1367,874,1469
672,1672,1108,1666,1368,875,1470
672,1673,1109,1667,1369,875,1471
672,1674,1109,1668,1370,876,1472
672,1675,1109,1669,1371,876,1472
672,1676,1110,1670,1372,876,1473
672,1677,1111,1671,1373,876,1474
672,1678,1111,1672,1374,876,1474
672,1679,1112,1673,1375,876,1474
673,1680,1113,1674,1376,877,1475
673,1681,1114,1675,1377,878,1476
674,1682,1115,1676,1378,879,1477
674,1683,1116,1677,1379,880,1478
675,1684,1117,1678,1380,880,1479
676,1685,1118,1679,1381,881,1480
676,1686,1119,1680,1381,882,1481
676,1687,1120,1681,1382,882,1482
677,1688,1121,1682,1383,883,1483
677,1689,1121,1683,1384,883,1484
677,1690,1122,1684,1384,883,1485
677,1691,1123,1685,1385,884,1486
677,1692,1124,1686,1386,885,1487
678,1693,1124,1687,1386,885,1488
678,1694,1124,1688,1387,885,1489
678,1695,1125,1689,1388,885,1490
679,1696,1126,1690,1389,886,1491
679,1697,1126,1691,1389,887,1492
679,1698,1127,1692,1390,887,1493
679,1699,1128,1693,1391,888,1494
679,1700,1128,1694,1392,888,1494
679,1701,1128,1695,1393,888,1494
679,1702,1129,1696,1394,888,1494
680,1703,1130,1697,1395,889,1495
680,1704,1131,1698,1396,889,1496
681,1705,1132,1699,1397,889,1497
681,1706,1133,1700,1398,889,1498
682,1707,1133,1701,1398,889,1498
682,1708,1133,1702,1399,889,1498
682,1709,1134,1703,1400,890,1498
683,1710,1135,1704,1401,890,1499
683,1711,1135,1705,1402,890,1500
683,1712,1136,1706,1403,890,1501
683,1713,1136,1707,1404,891,1502
683,1714,1137,1708,1405,891,1503
683,1715,1138,1709,1405,892,1504
684,1716,1138,1710,1406,892,1505
684,1717,1139,1711,1407,893,1506
684,1718,1140,1712,1408,894,1507
684,1719,1140,1713,1408,894,1507
685,1720,1140,1714,1409,894,1508
686,1721,1140,1715,1410,894,1509
686,1722,1140,1716,1411,894,1510
687,1723,1140,1717,1412,894,1511
687,1724,1140,1718,1413,894,1512
688,1725,1140,1719,1414,894,1513
688,1726,1141,1720,1415,895,1514
688,1727,1142,1721,1416,896,1515
688,1728,1143,1722,1417,896,1516
689,1729,1143,1723,1418,897,1517
689,1730,1144,1724,1419,897,1518
689,1731,1145,1725,1419,898,1519
690,1732,1145,1726,1420,898,1520
691,1733,1146,1727,1421,898,1521
692,1734,1147,1728,1422,898,1522
692,1735,1148,1729,1422,899,1523
692,1736,1149,1730,1423,899,1524
692,1737,1150,1731,1424,899,1525
692,1738,1151,1732,1424,900,1525
692,1739,1152,1733,1425,900,1526
693,1740,1152,1734,1426,901,1527
693,1741,1152,1735,1427,902,1528
693,1742,1152,1736,1428,902,1528
694,1743,1152,1737,1429,903,1528
694,1744,1153,1738,1430,904,1528
694,1745,1154,1739,1431,905,1529
694,1746,1154,1740,1432,906,1530
695,1747,1155,1741,1432,906,1530
695,1748,1156,1742,1433,907,1530
695,1749,1157,1743,1433,907,1530
696,1750,1158,1744,1434,907,1531
696,1751,1159,1745,1435,908,1532
696,1752,1159,1746,1436,909,1533
696,1753,1159,1747,1437,909,1534
697,1754,1159,1748,1438,909,1535
698,1755,1159,1749,1439,910,1535
698,1756,1160,1750,1440,910,1535
698,1757,1161,1751,1441,910,1536
699,1758,1161,1752,1442,910,1537
699,1759,1162,1753,1443,910,1538
699,1760,1163,1754,1443,911,1539
699,1761,1163,1755,1444,912,1540
700,1762,1163,1756,1445,912,1541
700,1763,1163,1757,1446,912,1542
700,1764,1164,1758,1446,912,1542
700,1765,1165,1759,1447,912,1542
701,1766,1165,1760,1448,912,1543
701,1767,1165,1761,1449,912,1544
701,1768,1166,1762,1450,912,1545
701,1769,1166,1763,1451,912,1546
702,1770,1167,1764,1452,912,1547
702,1771,1168,1765,1453,912,1548
703,1772,1169,1766,1454,912,1549
703,1773,1169,1767,1455,912,1550
703,1774,1169,1768,1456,912,1551
703,1775,1169,1769,1457,913,1552
703,1776,1170,1770,1458,914,1553
703,1777,1171,1771,1459,914,1553
703,1778,1171,1772,1460,915,1554
703,1779,1171,1773,1460,916,1555
704,1780,1171,1774,1460,917,1556
704,1781,1172,1775,1460,918,1556
704,1782,1172,1776,1461,918,1556
704,1783,1173,1777,1462,918,1556
704,1784,1173,1778,1463,919,1557
704,1785,1174,1779,1464,920,1558
705,1786,1175,1780,1465,921,1559
705,1787,1176,1781,1466,922,1560
705,1788,1177,1782,1467,923,1561
705,1789,1178,1783,1467,923,1562
705,1790,1178,1784,1468,924,1563
705,1791,1178,1785,1468,925,1563
705,1792,1178,1786,1468,925,1563
706,1793,1179,1787,1469,925,1564
706,1794,1180,1788,1470,926,1565
706,1795,1180,1789,1470,926,1565
707,1796,1180,1790,1471,926,1565
707,1797,1181,1791,1472,926,1565
707,1798,1182,1792,1473,926,1565
707,1799,1183,1793,1474,927,1565
708,1800,1184,1794,1474,927,1566
708,1801,1185,1795,1474,927,1567
708,1802,1186,1796,1475,927,1567
708,1803,1187,1797,1476,928,1568
709,1804,1187,1798,1477,928,1569
709,1805,1187,1799,1478,928,1570
709,1806,1188,1800,1479,928,1571
710,1807,1189,1801,1480,929,1572
710,1808,1189,1802,1481,929,1573
710,1809,1190,1803,1482,929,1574
711,1810,1191,1804,1482,930,1575
711,1811,1191,1805,1483,930,1576
711,1812,1191,1806,1484,931,1576
711,1813,1191,1807,1485,932,1577
711,1814,1191,1808,1486,933,1578
712,1815,1191,1809,1486,934,1579
712,1816,1191,1810,1487,935,1580
713,1817,1191,1811,1488,936,1581
713,1818,1192,1812,1489,937,1582
714,1819,1193,1813,1490,938,1583
714,1820,1193,1814,1490,939,1583
714,1821,1193,1815,1491,939,1583
714,1822,1194,1816,1492,939,1583
715,1823,1195,1817,1493,939,1584
715,1824,1195,1818,1494,940,1585
715,1825,1196,1819,1495,941,1586
716,1826,1196,1820,1496,942,1587
716,1827,1197,1821,1496,943,1588
716,1828,1198,1822,1497,944,1589
717,1829,1198,1823,1498,945,1590
717,1830,1199,1824,1499,945,1591
717,1831,1200,1825,1500,946,1592
717,1832,1201,1826,1501,946,1593
717,1833,1201,1827,1502,946,1594
717,1834,1201,1828,1503,946,1595
717,1835,1202,1829,1504,946,1596
717,1836,1203,1830,1505,947,1597
718,1837,1204,1831,1506,948,1598
718,1838,1205,1832,1507,949,1599
718,1839,1206,1833,1507,950,1600
718,1840,1206,1834,1508,950,1601
718,1841,1207,1835,1509,950,1602
718,1842,1208,1836,1509,950,1603
719,1843,1209,1837,1510,951,1604
719,1844,1210,1838,1511,952,1604
719,1845,1211,1839,1512,952,1604
719,1846,1212,1840,1513,952,1605
719,1847,1213,1841,1514,953,1606
719,1848,1214,1842,1515,954,1607
720,1849,1215,1843,1516,955,1608
720,1850,1216,1844,1516,956,1609
720,1851,1217,1845,1517,956,1610
720,1852,1218,1846,1518,956,1611
720,1853,1218,1847,1519,956,1612
720,1854,1218,1848,1520,956,1613
720,1855,1218,1849,1521,956,1614
721,1856,1219,1850,1522,957,1615
721,1857,1220,1851,1523,958,1616
721,1858,1221,1852,1524,959,1617
721,1859,1222,1853,1525,960,1618
722,1860,1223,1854,1526,960,1619
723,1861,1224,1855,1527,960,1620
723,1862,1225,1856,1528,961,1621
723,1863,1226,1857,1529,962,1622
724,1864,1226,1858,1530,963,1623
724,1865,1227,1859,1531,964,1624
724,1866,1228,1860,1532,964,1625
725,1867,1228,1861,1533,964,1626
725,1868,1228,1862,1533,964,1627
725,1869,1228,1863,1534,964,1627
725,1870,1228,1864,1535,964,1628
726,1871,1229,1865,1536,964,1629
726,1872,1230,1866,1537,964,1630
726,1873,1230,1867,1538,964,1631
726,1874,1230,1868,1538,964,1632
727,1875,1231,1869,1539,965,1633
728,1876,1232,1870,1540,966,1634
729,1877,1232,1871,1541,966,1635
729,1878,1232,1872,1542,967,1635
729,1879,1232,1873,1543,967,1636
730,1880,1232,1874,1544,967,1637
730,1881,1233,1875,1544,967,1638
730,1882,1234,1876,1544,968,1639
730,1883,1235,1877,1544,969,1640
730,1884,1236,1878,1545,970,1640
730,1885,1236,1879,1546,970,1641
730,1886,1236,1880,1547,970,1642
731,1887,1237,1881,1548,970,1643
731,1888,1237,1882,1549,970,1644
731,1889,1238,1883,1550,970,1645
731,1890,1239,1884,1551,971,1646
731,1891,1239,1885,1552,972,1647
731,1892,1239,1886,1553,973,1648
732,1893,1239,1887,1554,974,1649
733,1894,1240,1888,1555,974,1650
734,1895,1241,1889,1556,974,1651
734,1896,1241,1890,1557,974,1652
734,1897,1242,1891,1558,975,1653
734,1898,1243,1892,1559,976,1654
734,1899,1243,1893,1560,976,1655
735,1900,1244,1894,1561,977,1656
735,1901,1245,1895,1562,978,1657
736,1902,1246,1896,1563,978,1658
736,1903,1247,1897,1564,978,1658
737,1904,1248,1898,1565,978,1658
738,1905,1249,1899,1566,979,1659
738,1906,1250,1900,1567,980,1660
738,1907,1250,1901,1567,980,1661
738,1908,1250,1902,1568,980,1661
738,1909,1251,1903,1569,980,1661
738,1910,1251,1904,1570,980,1661
739,1911,1252,1905,1571,980,1662
739,1912,1253,1906,1572,980,1663
739,1913,1254,1907,1573,980,1663
739,1914,1254,1908,1574,980,1664
740,1915,1255,1909,1575,980,1664
741,1916,1256,1910,1576,980,1665
741,1917,1257,1911,1577,981,1666
741,1918,1258,1912,1578,981,1667
741,1919,1259,1913,1579,981,1667
741,1920,1260,1914,1580,982,1667
741,1921,1261,1915,1581,983,1668
741,1922,1262,1916,1582,984,1669
741,1923,1262,1917,1583,984,1670
742,1924,1263,1918,1584,984,1671
742,1925,1264,1919,1584,984,1672
743,1926,1265,1920,1584,985,1672
743,1927,1266,1921,1585,986,1673
743,1928,1266,1922,1586,986,1673
743,1929,1266,1923,1587,987,1674
743,1930,1266,1924,1588,988,1674
743,1931,1266,1925,1589,988,1674
743,1932,1267,1926,1590,989,1675
743,1933,1268,1927,1591,989,1676
743,1934,1269,1928,1592,990,1676
744,1935,1270,1929,1593,990,1676
744,1936,1271,1930,1594,991,1676
745,1937,1272,1931,1594,992,1677
745,1938,1272,1932,1595,992,1678
745,1939,1272,1933,1596,992,1679
745,1940,1273,1934,1597,992,1680
745,1941,1273,1935,1598,992,1681
745,1942,1274,1936,1599,992,1681
745,1943,1274,1937,1600,992,1681
745,1944,1275,1938,1600,992,1681
746,1945,1276,1939,1601,992,1682
746,1946,1277,1940,1602,992,1683
746,1947,1278,1941,1603,992,1683
746,1948,1279,1942,1603,993,1684
747,1949,1279,1943,1603,993,1685
747,1950,1280,1944,1604,993,1686
747,1951,1281,1945,1605,993,1687
747,1952,1282,1946,1606,993,1687
747,1953,1283,1947,1607,994,1688
747,1954,1283,1948,1608,994,1689
747,1955,1284,1949,1608,994,1690
747,1956,1285,1950,1609,994,1691
748,1957,1285,1951,1610,994,1692
748,1958,1286,1952,1610,994,1693
748,1959,1287,1953,1611,994,1694
748,1960,1287,1954,1612,995,1695
748,1961,1288,1955,1612,996,1696
748,1962,1288,1956,1613,996,1696
749,1963,1288,1957,1614,996,1696
749,1964,1289,1958,1615,996,1697
749,1965,1290,1959,1616,996,1698
749,1966,1290,1960,1617,997,1699
749,1967,1291,1961,1618,997,1700
749,1968,1292,1962,1619,997,1701
750,1969,1293,1963,1620,997,1701
750,1970,1293,1964,1621,998,1702
750,1971,1293,1965,1622,998,1703
750,1972,1294,1966,1623,999,1703
750,1973,1295,1967,1624,1000,1704
750,1974,1296,1968,1625,1000,1705
751,1975,1297,1969,1626,1001,1706
751,1976,1298,1970,1627,1002,1707
751,1977,1298,1971,1628,1002,1707
751,1978,1298,1972,1629,1002,1708
751,1979,1298,1973,1630,1002,1709
752,1980,1298,1974,1630,1002,1710
752,1981,1298,1975,1631,1003,1711
752,1982,1298,1976,1631,1004,1712
752,1983,1299,1977,1632,1004,1713
752,1984,1300,1978,1633,1005,1714
752,1985,1300,1979,1634,1006,1715
752,1986,1300,1980,1634,1007,1716
753,1987,1300,1981,1635,1007,1717
753,1988,1301,1982,1636,1008,1718
754,1989,1302,1983,1637,1008,1719
754,1990,1302,1984,1637,1008,1720
754,1991,1302,1985,1637,1009,1721
754,1992,1302,1986,1638,1010,1722
754,1993,1302,1987,1639,1010,1723
754,1994,1302,1988,1640,1010,1724
755,1995,1303,1989,1641,1011,1725
755,1996,1304,1990,1642,1012,1726
755,1997,1304,1991,1642,1013,1727
755,1998,1305,1992,1643,1014,1728
756,1999,1306,1993,1643,1014,1729
756,2000,1307,1994,1644,1015,1730
757,2001,1307,1995,1645,1015,1731
757,2002,1308,1996,1646,1015,1732
757,2003,1309,1997,1647,1015,1733
758,2004,1310,1998,1648,1016,1733
758,2005,1311,1999,1649,1016,1733
759,2006,1312,2000,1650,1016,1733
759,2007,1313,2001,1651,1017,1733
759,2008,1314,2002,1651,1017,1734
760,2009,1314,2003,1652,1018,1735
760,2010,1315,2004,1653,1018,1736
760,2011,1316,2005,1654,1018,1737
760,2012,1317,2006,1655,1018,1738
760,2013,1317,2007,1656,1019,1739
761,2014,1318,2008,1657,1020,1740
761,2015,1319,2009,1658,1020,1740
761,2016,1320,2010,1659,1020,1741
761,2017,1321,2011,1660,1021,1742
761,2018,1322,2012,1661,1022,1743
761,2019,1323,2013,1662,1023,1744
761,2020,1323,2014,1663,1024,1745
762,2021,1324,2015,1664,1024,1746
762,2022,1324,2016,1665,1024,1746
762,2023,1324,2017,1666,1024,1747
762,2024,1325,2018,1667,1024,1748
762,2025,1326,2019,1668,1025,1749
763,2026,1327,2020,1669,1025,1750
763,2027,1328,2021,1669,1026,1751
763,2028,1329,2022,1670,1026,1752
763,2029,1330,2023,1671,1026,1753
764,2030,1331,2024,1672,1027,1753
765,2031,1331,2025,1673,1027,1754
765,2032,1332,2026,1674,1028,1755
765,2033,1332,2027,1675,1029,1756
765,2034,1333,2028,1675,1030,1757
765,2035,1334,2029,1676,1030,1758
766,2036,1335,2030,1677,1031,1759
766,2037,1336,2031,1678,1031,1760
766,2038,1337,2032,1679,1031,1761
766,2039,1338,2033,1680,1032,1762
767,2040,1338,2034,1680,1033,1763
767,2041,1338,2035,1681,1034,1764
767,2042,1338,2036,1682,1034,1765
767,2043,1338,2037,1683,1034,1766
767,2044,1339,2038,1684,1035,1767
767,2045,1339,2039,1684,1035,1768
768,2046,1340,2040,1685,1036,1768
768,2047,1341,2041,1685,1036,1768
768,2048,1342,2042,1686,1036,1769
768,2049,1343,2043,1686,1036,1770
769,2050,1344,2044,1687,1037,1770
769,2051,1345,2045,1688,1038,1771
769,2052,1345,2046,1689,1038,1772
769,2053,1345,2047,1690,1038,1772
769,2054,1345,2048,1691,1038,1772
770,2055,1345,2049,1692,1038,1772
771,2056,1345,2050,1692,1038,1772
771,2057,1345,2051,1693,1039,1773
772,2058,1345,2052,1694,1039,1774
772,2059,1345,2053,1694,1040,1775
772,2060,1345,2054,1695,1041,1775
772,2061,1345,2055,1696,1042,1775
772,2062,1346,2056,1696,1043,1776
772,2063,1347,2057,1697,1043,1777
772,2064,1348,2058,1698,1044,1778
772,2065,1349,2059,1699,1045,1779
773,2066,1350,2060,1700,1045,1780
773,2067,1351,2061,1700,1045,1781
773,2068,1351,2062,1701,1045,1782
773,2069,1351,2063,1702,1045,1783
773,2070,1352,2064,1703,1046,1784
773,2071,1353,2065,1704,1046,1785
774,2072,1354,2066,1705,1047,1785
774,2073,1355,2067,1706,1048,1786
774,2074,1355,2068,1707,1049,1787
774,2075,1355,2069,1708,1049,1788
774,2076,1356,2070,1709,1049,1789
775,2077,1357,2071,1710,1050,1790
775,2078,1357,2072,1711,1051,1791
775,2079,1358,2073,1711,1051,1792
775,2080,1359,2074,1712,1052,1793
775,2081,1359,2075,1713,1052,1793
775,2082,1360,2076,1714,1052,1794
775,2083,1360,2077,1715,1053,1795
775,2084,1360,2078,1716,1053,1796
775,2085,1361,2079,1717,1054,1797
776,2086,1362,2080,1718,1054,1798
776,2087,1362,2081,1719,1055,1799
776,2088,1363,2082,1720,1055,1800
777,2089,1363,2083,1721,1055,1800
777,2090,1363,2084,1722,1055,1801
777,2091,1364,2085,1723,1056,1802
777,2092,1365,2086,1723,1056,1803
778,2093,1366,2087,1724,1056,1804
778,2094,1367,2088,1725,1056,1805
778,2095,1368,2089,1726,1056,1806
778,2096,1369,2090,1726,1056,1806
779,2097,1370,2091,1727,1056,1806
779,2098,1370,2092,1728,1056,1807
779,2099,1370,2093,1729,1056,1808
779,2100,1370,2094,1730,1056,1809
779,2101,1370,2095,1730,1057,1810
779,2102,1371,2096,1731,1057,1811
779,2103,1372,2097,1732,1057,1812
779,2104,1373,2098,1733,1058,1813
779,2105,1374,2099,1733,1058,1813
780,2106,1375,2100,1734,1058,1813
780,2107,1375,2101,1735,1058,1813
781,2108,1376,2102,1736,1058,1814
781,2109,1377,2102,1737,1058,1815
781,2110,1378,2102,1738,1059,1815
781,2111,1379,2102,1739,1059,1816
781,2112,1380,2102,1740,1060,1817
781,2113,1381,2102,1741,1060,1818
781,2114,1382,2102,1742,1060,1819
782,2115,1383,2102,1743,1060,1820
782,2116,1384,2102,1744,1061,1821
783,2117,1385,2102,1745,1062,1821
783,2118,1386,2102,1746,1062,1822
783,2119,1387,2102,1747,1063,1823
783,2120,1388,2102,1748,1064,1824
783,2121,1389,2102,1749,1064,1824
784,2122,1390,2102,1750,1064,1825
784,2123,1391,2102,1751,1064,1825
784,2124,1392,2102,1752,1065,1826
784,2125,1393,2102,1752,1066,1827
785,2126,1394,2102,1753,1067,1827
785,2127,1395,2102,1754,1067,1828
785,2128,1396,2102,1755,1067,1829
785,2129,1397,2102,1756,1068,1830
785,2130,1398,2102,1757,1068,1831
785,2131,1399,2102,1758,1068,1832
786,2132,1400,2102,1759,1068,1833
786,2133,1401,2102,1759,1068,1833
786,2134,1402,2102,1760,1069,1834
787,2135,1403,2102,1761,1069,1835
787,2136,1404,2102,1762,1070,1836
787,2137,1405,2102,1763,1070,1837
787,2138,1406,2102,1764,1071,1838
787,2139,1407,2102,1765,1072,1839
788,2140,1408,2102,1766,1073,1840
788,2141,1409,2102,1766,1073,1841
788,2142,1410,2102,1767,1074,1842
788,2143,1411,2102,1767,1074,1842
788,2144,1412,2102,1767,1075,1843
788,2145,1413,2102,1768,1076,1844
788,2146,1414,2102,1769,1077,1845
788,2147,1415,2102,1770,1077,1846
789,2148,1416,2102,1771,1078,1847
789,2149,1417,2102,1772,1079,1848
789,2150,1418,2102,1773,1080,1848
789,2151,1419,2102,1774,1081,1848
789,2152,1420,2102,1775,1082,1849
789,2153,1421,2102,1776,1082,1850
789,2154,1422,2102,1777,1082,1851
789,2155,1423,2102,1778,1082,1852
790,2156,1424,2102,1778,1083,1853
790,2157,1425,2102,1778,1083,1854
790,2158,1426,2102,1779,1084,1855
790,2159,1427,2102,1780,1085,1856
791,2160,1428,2102,1781,1086,1857
791,2161,1429,2102,1782,1086,1857
791,2162,1430,2102,1783,1086,1858
792,2163,1431,2102,1784,1087,1859
792,2164,1432,2102,1784,1088,1860
792,2165,1433,2102,1785,1089,1861
792,2166,1434,2102,1786,1090,1862
793,2167,1435,2102,1787,1091,1863
793,2168,1436,2102,1788,1092,1864
793,2169,1437,2102,1788,1093,1865
794,2170,1438,2102,1789,1094,1866
794,2171,1439,2102,1790,1094,1867
794,2172,1440,2102,1791,1094,1867
794,2173,1441,2102,1792,1094,1868
795,2174,1442,2102,1793,1095,1869
795,2175,1443,2102,1794,1095,1870
795,2176,1444,2102,1795,1095,1871
796,2177,1445,2102,1796,1096,1872
796,2178,1446,2102,1797,1096,1872
796,2179,1447,2102,1798,1096,1872
796,2180,1448,2102,1799,1097,1873
796,2181,1449,2102,1800,1098,1874
796,2182,1450,2102,1801,1099,1875
796,2183,1451,2102,1802,1099,1876
796,2184,1452,2102,1803,1099,1877
797,2185,1453,2102,1804,1099,1878
797,2186,1454,2102,1805,1100,1879
797,2187,1455,2102,1805,1101,1880
797,2188,1456,2102,1806,1102,1881
798,2189,1457,2102,1807,1102,1882
798,2190,1458,2102,1808,1102,1883
798,2191,1459,2102,1809,1103,1884
799,2192,1460,2102,1809,1104,1885
799,2193,1461,2102,1809,1104,1886
800,2194,1462,2102,1809,1104,1887
800,2195,1463,2102,1810,1105,1888
801,2196,1464,2102,1811,1106,1889
802,2197,1465,2102,1812,1106,1890
802,2198,1466,2102,1813,1106,1891
803,2199,1467,2102,1814,1107,1892
803,2200,1468,2102,1815,1107,1892
803,2201,1469,2102,1815,1107,1893
803,2202,1470,2102,1816,1108,1894
803,2203,1471,2102,1817,1108,1895
803,2204,1472,2102,1817,1108,1896
803,2205,1473,2102,1818,1108,1897
803,2206,1474,2102,1819,1109,1898
804,2207,1475,2102,1820,1110,1899
804,2208,1476,2102,1821,1110,1900
804,2209,1477,2102,1822,1110,1901
805,2210,1478,2102,1823,1110,1902
805,2211,1479,2102,1824,1110,1903
805,2212,1480,2102,1825,1111,1904
806,2213,1481,2102,1826,1112,1904
806,2214,1482,2102,1826,1113,1905
806,2215,1483,2102,1827,1113,1906
806,2216,1484,2102,1828,1114,1907
806,2217,1485,2102,1828,1115,1908
806,2218,1486,2102,1829,1116,1909
806,2219,1487,2102,1830,1117,1910
807,2220,1488,2102,1831,1118,1911
807,2221,1489,2102,1832,1119,1912
807,2222,1490,2102,1833,1119,1913
807,2223,1491,2102,1834,1119,1914
807,2224,1492,2102,1835,1120,1915
807,2225,1493,2102,1835,1120,1915
808,2226,1494,2102,1835,1121,1916
809,2227,1495,2102,1836,1122,1917
809,2228,1496,2102,1837,1123,1918
809,2229,1497,2102,1838,1124,1919
809,2230,1498,2102,1839,1124,1920
809,2231,1499,2102,1840,1124,1921
810,2232,1500,2102,1841,1124,1922
811,2233,1501,2102,1842,1124,1923
812,2234,1502,2102,1843,1125,1924
812,2235,1503,2102,1844,1126,1925
812,2236,1504,2102,1845,1126,1926
812,2237,1505,2102,1846,1127,1927
813,2238,1506,2102,1847,1127,1928
813,2239,1507,2102,1848,1128,1929
813,2240,1508,2102,1848,1128,1930
813,2241,1509,2102,1849,1128,1931
813,2242,1510,2102,1850,1128,1932
813,2243,1511,2102,1851,1128,1933
814,2244,1512,2102,1852,1129,1934
814,2245,1513,2102,1852,1129,1935
814,2246,1514,2102,1853,1129,1936
814,2247,1515,2102,1854,1130,1937
814,2248,1516,2102,1855,1130,1937
814,2249,1517,2102,1855,1130,1937
815,2250,1518,2102,1856,1130,1937
815,2251,1519,2102,1857,1131,1938
815,2252,1520,2102,1858,1132,1939
815,2253,1521,2102,1859,1132,1940
815,2254,1522,2102,1860,1132,1941
816,2255,1523,2102,1861,1133,1942
816,2256,1524,2102,1862,1134,1943
816,2257,1525,2102,1863,1134,1944
816,2258,1526,2102,1864,1134,1945
816,2259,1527,2102,1865,1135,1946
817,2260,1528,2102,1866,1136,1947
817,2261,1529,2102,1867,1137,1948
817,2262,1530,2102,1867,1138,1949
818,2263,1531,2102,1867,1139,1950
818,2264,1532,2102,1867,1140,1951
819,2265,1533,2102,1868,1140,1952
819,2266,1534,2102,1869,1140,1953
819,2267,1535,2102,1870,1141,1954
819,2268,1536,2102,1871,1141,1955
820,2269,1537,2102,1872,1142,1956
820,2270,1538,2102,1873,1142,1957
820,2271,1539,2102,1873,1143,1958
821,2272,1540,2102,1874,1143,1959
821,2273,1541,2102,1875,1143,1960
821,2274,1542,2102,1876,1143,1961
821,2275,1543,2102,1876,1143,1962
821,2276,1544,2102,1877,1144,1963
822,2277,1545,2102,1877,1145,1963
822,2278,1546,2102,1878,1145,1964
822,2279,1547,2102,1879,1146,1965
822,2280,1548,2102,1880,1146,1965
822,2281,1549,2102,1881,1146,1965
823,2282,1550,2102,1882,1146,1965
824,2283,1550,2102,1882,1146,1966
824,2284,1551,2102,1883,1146,1967
824,2285,1552,2102,1884,1147,1968
824,2286,1553,2102,1885,1147,1969
824,2287,1554,2102,1886,1148,1970
824,2288,1555,2102,1887,1148,1970
825,2289,1556,2102,1888,1148,1970
825,2290,1557,2102,1889,1148,1970
825,2291,1558,2102,1890,1148,1970
825,2292,1559,2102,1891,1148,1971
825,2293,1560,2102,1892,1149,1972
825,2294,1561,2102,1893,1149,1972
826,2295,1562,2102,1894,1149,1973
827,2296,1563,2102,1895,1149,1974
828,2297,1564,2102,1895,1149,1975
828,2298,1565,2102,1896,1149,1976
828,2299,1566,2102,1897,1149,1977
828,2300,1567,2102,1897,1150,1978
829,2301,1568,2102,1898,1150,1979
829,2302,1569,2102,1899,1150,1980
829,2303,1570,2102,1900,1151,1981
829,2304,1571,2102,1901,1152,1982
829,2305,1572,2102,1902,1152,1983
829,2306,1573,2102,1903,1153,1984
830,2307,1574,2102,1903,1153,1985
830,2308,1575,2102,1903,1154,1986
830,2309,1576,2102,1904,1155,1987
830,2310,1577,2102,1905,1155,1988
830,2311,1578,2102,1906,1155,1988
831,2312,1579,2102,1907,1155,1989
831,2313,1580,2102,1908,1155,1990
831,2314,1581,2102,1909,1155,1991
831,2315,1582,2102,1910,1155,1992
831,2316,1583,2102,1911,1156,1993
832,2317,1584,2102,1912,1156,1994
832,2318,1585,2102,1913,1157,1995
832,2319,1586,2102,1914,1157,1996
832,2320,1587,2102,1915,1158,1997
832,2321,1588,2102,1916,1159,1998
832,2322,1589,2102,1917,1160,1999
832,2323,1590,2102,1917,1160,2000
833,2324,1591,2102,1918,1160,2001
833,2325,1592,2102,1919,1161,2002
833,2326,1593,2102,1920,1162,2002
833,2327,1594,2102,1921,1162,2003
833,2328,1595,2102,1922,1163,2004
833,2329,1596,2102,1923,1163,2004
834,2330,1597,2102,1924,1164,2005
834,2331,1598,2102,1925,1165,2006
835,2332,1599,2102,1926,1166,2007
835,2333,1600,2102,1927,1167,2008
835,2334,1601,2102,1928,1168,2009
835,2335,1602,2102,1929,1168,2010
836,2336,1603,2102,1930,1168,2010
837,2337,1604,2102,1931,1168,2010
837,2338,1605,2102,1932,1168,2010
837,2339,1606,2102,1932,1168,2010
838,2340,1607,2102,1933,1169,2011
839,2341,1608,2102,1934,1169,2012
839,2342,1609,2102,1935,1169,2013
839,2343,1610,2102,1936,1170,2014
840,2344,1611,2102,1937,1170,2015
840,2345,1612,2102,1937,1171,2016
840,2346,1613,2102,1938,1171,2017
840,2347,1614,2102,1939,1171,2018
841,2348,1615,2102,1940,1172,2018
841,2349,1616,2102,1941,1172,2019
841,2350,1617,2102,1942,1173,2020
841,2351,1618,2102,1943,1174,2021
841,2352,1619,2102,1944,1174,2022
841,2353,1620,2102,1944,1174,2023
842,2354,1621,2102,1945,1174,2024
842,2355,1622,2102,1946,1174,2024
842,2356,1622,2102,1946,1175,2025
842,2357,1623,2102,1947,1176,2026
843,2358,1624,2102,1948,1177,2027
843,2359,1625,2102,1949,1178,2028
843,2360,1626,2102,1950,1178,2029
843,2361,1627,2102,1951,1179,2030
843,2362,1628,2102,1952,1179,2031
844,2363,1629,2102,1953,1179,2032
844,2364,1630,2102,1954,1180,2033
844,2365,1631,2102,1954,1180,2034
844,2366,1632,2102,1955,1181,2035
844,2367,1633,2102,1956,1181,2036
845,2368,1634,2102,1957,1182,2037
845,2369,1635,2102,1958,1182,2038
845,2370,1636,2102,1959,1183,2039
846,2371,1637,2102,1960,1184,2039
846,2372,1638,2102,1961,1185,2039
846,2373,1639,2102,1962,1186,2040
847,2374,1640,2102,1963,1186,2041
847,2375,1641,2102,1963,1186,2041
847,2376,1642,2102,1964,1186,2042
847,2377,1643,2102,1964,1187,2043
847,2378,1644,2102,1964,1187,2044
847,2379,1645,2102,1965,1188,2045
847,2380,1646,2102,1966,1188,2046
848,2381,1647,2102,1967,1189,2047
849,2382,1648,2102,1968,1190,2048
849,2383,1649,2102,1969,1191,2049
849,2384,1650,2102,1970,1191,2050
849,2385,1651,2102,1971,1191,2051
850,2386,1652,2102,1972,1191,2052
850,2387,1653,2102,1973,1191,2053
850,2388,1654,2102,1974,1191,2054
851,2389,1655,2102,1975,1192,2055
851,2390,1656,2102,1976,1192,2056
851,2391,1657,2102,1977,1193,2057
851,2392,1658,2102,1978,1194,2058
852,2393,1659,2102,1978,1194,2059
852,2394,1660,2102,1978,1194,2060
852,2395,1661,2102,1979,1194,2061
853,2396,1662,2102,1980,1194,2062
853,2397,1663,2102,1980,1194,2063
853,2398,1664,2102,1981,1195,2064
853,2399,1665,2102,1982,1195,2065
854,2400,1666,2102,1983,1196,2066
854,2401,1667,2102,1984,1196,2067
854,2402,1668,2102,1985,1196,2067
855,2403,1669,2102,1986,1197,2068
855,2404,1670,2102,1987,1197,2069
855,2405,1671,2102,1988,1198,2070
856,2406,1672,2102,1989,1198,2071
856,2407,1673,2102,1990,1198,2072
856,2408,1674,2102,1991,1198,2073
856,2409,1675,2102,1992,1198,2074
857,2410,1676,2102,1993,1199,2075
857,2411,1677,2102,1994,1199,2076
858,2412,1678,2102,1994,1200,2077
858,2413,1679,2102,1995,1201,2078
858,2414,1680,2102,1996,1201,2079
858,2415,1681,2102,1997,1201,2080
859,2416,1682,2102,1998,1201,2081
859,2417,1683,2102,1999,1201,2082
859,2418,1684,2102,1999,1202,2083
859,2419,1685,2102,2000,1202,2084
859,2420,1686,2102,2001,1202,2085
859,2421,1687,2102,2002,1202,2086
860,2422,1688,2102,2002,1203,2087
860,2423,1689,2102,2003,1204,2088
860,2424,1690,2102,2004,1204,2089
861,2425,1691,2102,2005,1205,2090
861,2426,1692,2102,2006,1206,2090
861,2427,1693,2102,2007,1207,2091
861,2428,1694,2102,2007,1208,2092
862,2429,1695,2102,2008,1208,2093
862,2430,1696,2102,2009,1209,2094
862,2431,1697,2102,2010,1210,2095
862,2432,1698,2102,2011,1210,2095
863,2433,1699,2102,2012,1210,2096
864,2434,1700,2102,2012,1211,2097
864,2435,1701,2102,2012,1212,2098
864,2436,1702,2102,2013,1212,2099
864,2437,1703,2102,2013,1212,2100
864,2438,1704,2102,2013,1212,2101
865,2439,1705,2102,2014,1212,2101
865,2440,1706,2102,2015,1213,2102
865,2441,1707,2102,2016,1214,2103
865,2442,1708,2102,2016,1214,2103
865,2443,1709,2102,2017,1215,2104
865,2444,1710,2102,2017,1216,2105
865,2445,1711,2102,2018,1217,2106
865,2446,1712,2102,2019,1218,2107
866,2447,1713,2102,2020,1218,2108
866,2448,1714,2102,2021,1218,2108
866,2449,1715,2102,2022,1219,2109
866,2450,1716,2102,2023,1219,2110
866,2451,1717,2102,2023,1219,2111
867,2452,1718,2102,2024,1219,2112
867,2453,1719,2102,2025,1220,2113
867,2454,1720,2102,2026,1221,2114
867,2455,1721,2102,2027,1222,2115
868,2456,1722,2102,2028,1222,2116
869,2457,1723,2102,2028,1222,2116
869,2458,1724,2102,2029,1223,2117
870,2459,1725,2102,2030,1223,2118
870,2460,1726,2102,2031,1223,2119
870,2461,1727,2102,2032,1223,2120
870,2462,1728,2102,2033,1224,2121
870,2463,1729,2102,2034,1224,2121
870,2464,1730,2102,2035,1224,2122
870,2465,1731,2102,2036,1224,2123
871,2466,1732,2102,2037,1225,2124
871,2467,1733,2102,2038,1226,2125
871,2468,1734,2102,2039,1226,2126
871,2469,1735,2102,2040,1226,2127
872,2470,1736,2102,2041,1227,2128
872,2471,1737,2102,2042,1228,2129
873,2472,1738,2102,2043,1228,2130
873,2473,1739,2102,2043,1229,2131
873,2474,1740,2102,2044,1230,2132
873,2475,1741,2102,2044,1230,2132
873,2476,1742,2102,2045,1231,2133
873,2477,1743,2102,2046,1232,2134
873,2478,1744,2102,2047,1233,2135
874,2479,1745,2102,2048,1233,2136
875,2480,1746,2102,2049,1234,2137
875,2481,1747,2102,2050,1234,2138
875,2482,1748,2102,2051,1235,2139
875,2483,1749,2102,2052,1235,2140
875,2484,1750,2102,2053,1236,2141
875,2485,1751,2102,2054,1236,2142
875,2486,1752,2102,2055,1236,2143
876,2487,1753,2102,2056,1236,2144
876,2488,1754,2102,2057,1236,2145
876,2489,1755,2102,2058,1237,2146
876,2490,1756,2102,2059,1238,2147
876,2491,1757,2102,2059,1238,2147
876,2492,1758,2102,2060,1238,2148
876,2493,1759,2102,2061,1239,2149
876,2494,1760,2102,2062,1239,2150
877,2495,1761,2102,2063,1240,2151
877,2496,1762,2102,2064,1241,2152
877,2497,1763,2102,2064,1241,2153
877,2498,1764,2102,2065,1242,2153
877,2499,1765,2102,2066,1242,2153
878,2500,1766,2102,2067,1243,2154
878,2501,1767,2102,2068,1244,2155
878,2502,1768,2102,2069,1244,2156
878,2503,1769,2102,2070,1244,2157
878,2504,1770,2102,2070,1245,2158
878,2505,1771,2102,2071,1246,2159
878,2506,1772,2102,2072,1247,2160
878,2507,1773,2102,2073,1247,2161
879,2508,1774,2102,2074,1247,2162
879,2509,1775,2102,2075,1248,2163
879,2510,1776,2102,2076,1248,2164
879,2511,1777,2102,2077,1249,2165
879,2512,1778,2102,2078,1249,2166
880,2513,1779,2102,2079,1249,2167
880,2514,1780,2102,2080,1249,2168
880,2515,1781,2102,2081,1250,2169
880,2516,1782,2102,2082,1251,2170
881,2517,1783,2102,2083,1252,2171
881,2518,1784,2102,2084,1253,2172
881,2519,1785,2102,2085,1254,2173
881,2520,1786,2102,2086,1255,2174
882,2521,1787,2102,2087,1256,2175
882,2522,1788,2102,2088,1256,2176
882,2523,1789,2102,2089,1256,2177
883,2524,1790,2102,2089,1256,2178
883,2525,1791,2102,2090,1256,2179
883,2526,1792,2102,2090,1256,2180
883,2527,1793,2102,2091,1257,2181
883,2528,1794,2102,2092,1258,2181
883,2529,1795,2102,2093,1258,2181
883,2530,1796,2102,2094,1258,2182
883,2531,1797,2102,2095,1259,2183
884,2532,1798,2102,2096,1259,2184
884,2533,1799,2102,2097,1259,2185
884,2534,1800,2102,2098,1260,2186
884,2535,1801,2102,2099,1260,2187
884,2536,1802,2102,2100,1261,2187
884,2537,1803,2102,2101,1261,2188
885,2538,1804,2102,2102,1262,2189
885,2539,1805,2102,2103,1263,2190
885,2540,1806,2102,2103,1264,2191
885,2541,1807,2102,2104,1265,2192
886,2542,1808,2102,2105,1266,2193
886,2543,1809,2102,2106,1266,2194
886,2544,1810,2102,2107,1266,2194
887,2545,1811,2102,2108,1266,2195
888,2546,1812,2102,2109,1266,2196
888,2547,1813,2102,2110,1266,2197
888,2548,1814,2102,2111,1266,2198
888,2549,1815,2102,2112,1266,2198
889,2550,1816,2102,2113,1267,2199
889,2551,1817,2102,2114,1267,2200
889,2552,1818,2102,2115,1267,2201
889,2553,1819,2102,2116,1268,2202
890,2554,1820,2102,2117,1268,2203
890,2555,1821,2102,2118,1268,2204
890,2556,1822,2102,2119,1268,2205
890,2557,1823,2102,2120,1268,2206
891,2558,1824,2102,2121,1268,2207
891,2559,1825,2102,2122,1268,2207
891,2560,1826,2102,2123,1269,2207
892,2561,1827,2102,2123,1270,2207
892,2562,1828,2102,2124,1271,2208
892,2563,1829,2102,2125,1272,2209
893,2564,1830,2102,2126,1272,2210
894,2565,1831,2102,2127,1272,2211
894,2566,1832,2102,2127,1273,2212
894,2567,1833,2102,2128,1273,2213
895,2568,1834,2102,2129,1274,2213
895,2569,1835,2102,2130,1275,2213
895,2570,1836,2102,2131,1276,2214
896,2571,1837,2102,2132,1276,2215
897,2572,1838,2102,2133,1276,2216
897,2573,1839,2102,2134,1277,2216
897,2574,1840,2102,2134,1277,2217
898,2575,1841,2102,2135,1277,2218
898,2576,1842,2102,2136,1277,2219
898,2577,1843,2102,2137,1278,2220
899,2578,1844,2102,2138,1279,2221
899,2579,1845,2102,2139,1279,2222
899,2580,1846,2102,2140,1280,2223
900,2581,1847,2102,2141,1280,2224
900,2582,1848,2102,2142,1280,2225
901,2583,1849,2102,2143,1280,2226
902,2584,1850,2102,2143,1280,2226
902,2585,1851,2102,2144,1281,2227
902,2586,1852,2102,2145,1282,2228
903,2587,1853,2102,2146,1283,2229
903,2588,1854,2102,2147,1283,2230
903,2589,1855,2102,2148,1284,2231
903,2590,1856,2102,2149,1285,2231
904,2591,1857,2102,2150,1286,2231
904,2592,1858,2102,2151,1287,2232
904,2593,1859,2102,2152,1287,2233
904,2594,1859,2102,2153,1287,2234
904,2595,1860,2102,2154,1288,2235
904,2596,1861,2102,2155,1288,2236
904,2597,1862,2102,2156,1288,2237
904,2598,1863,2102,2157,1289,2238
904,2599,1864,2102,2158,1289,2239
904,2600,1865,2102,2159,1289,2240
904,2601,1866,2102,2160,1289,2241
905,2602,1867,2102,2161,1289,2242
905,2603,1868,2102,2162,1289,2243
905,2604,1869,2102,2163,1290,2244
905,2605,1870,2102,2164,1290,2244
906,2606,1871,2102,2164,1290,2245
907,2607,1872,2102,2165,1290,2246
907,2608,1873,2102,2166,1291,2247
908,2609,1874,2102,2167,1291,2248
908,2610,1875,2102,2168,1291,2249
908,2611,1876,2102,2169,1292,2250
909,2612,1877,2102,2170,1293,2251
909,2613,1878,2102,2171,1294,2252
909,2614,1879,2102,2172,1294,2253
909,2615,1880,2102,2173,1295,2254
909,2616,1881,2102,2173,1296,2255
909,2617,1882,2102,2174,1296,2256
910,2618,1883,2102,2175,1297,2257
910,2619,1884,2102,2176,1297,2258
910,2620,1885,2102,2177,1298,2259
910,2621,1886,2102,2178,1299,2260
911,2622,1887,2102,2179,1300,2261
912,2623,1888,2102,2179,1301,2262
912,2624,1889,2102,2179,1302,2263
913,2625,1890,2102,2180,1303,2264
913,2626,1891,2102,2181,1303,2265
914,2627,1892,2102,2181,1304,2266
914,2628,1893,2102,2182,1305,2267
915,2629,1894,2102,2183,1305,2268
915,2630,1895,2102,2184,1305,2269
916,2631,1896,2102,2185,1305,2270
916,2632,1897,2102,2186,1305,2271
916,2633,1898,2102,2187,1306,2272
916,2634,1899,2102,2188,1306,2273
916,2635,1900,2102,2189,1307,2274
916,2636,1901,2102,2189,1307,2275
916,2637,1902,2102,2190,1307,2276
916,2638,1903,2102,2190,1307,2277
916,2639,1904,2102,2191,1308,2278
917,2640,1905,2102,2192,1309,2279
918,2641,1906,2102,2193,1310,2280
918,2642,1907,2102,2194,1311,2281
919,2643,1908,2102,2195,1311,2282
919,2644,1909,2102,2196,1312,2283
919,2645,1910,2102,2196,1312,2283
919,2646,1911,2102,2196,1312,2283
920,2647,1912,2102,2197,1313,2284
920,2648,1913,2102,2198,1313,2285
920,2649,1914,2102,2198,1314,2286
920,2650,1915,2102,2199,1314,2287
921,2651,1916,2102,2199,1315,2288
921,2652,1917,2102,2200,1316,2289
921,2653,1918,2102,2201,1317,2290
921,2654,1919,2102,2202,1317,2291
922,2655,1920,2102,2203,1317,2292
922,2656,1921,2102,2203,1317,2293
922,2657,1922,2102,2204,1317,2294
922,2658,1923,2102,2205,1318,2295
922,2659,1924,2102,2206,1318,2295
922,2660,1925,2102,2207,1319,2296
922,2661,1926,2102,2208,1320,2296
923,2662,1927,2102,2209,1321,2297
923,2663,1928,2102,2210,1321,2298
923,2664,1929,2102,2211,1321,2299
923,2665,1930,2102,2212,1321,2300
924,2666,1931,2102,2213,1322,2301
924,2667,1932,2102,2213,1323,2302
924,2668,1933,2102,2214,1324,2303
924,2669,1934,2102,2215,1325,2304
924,2670,1935,2102,2215,1326,2305
924,2671,1936,2102,2216,1326,2306
924,2672,1937,2102,2216,1327,2307
924,2673,1938,2102,2217,1327,2308
924,2674,1939,2102,2218,1328,2309
925,2675,1940,2102,2219,1329,2310
925,2676,1941,2102,2220,1330,2311
925,2677,1942,2102,2221,1331,2312
926,2678,1943,2102,2222,1332,2312
926,2679,1944,2102,2222,1333,2313
926,2680,1945,2102,2223,1334,2314
926,2681,1946,2102,2224,1335,2315
926,2682,1947,2102,2225,1336,2316
926,2683,1948,2102,2225,1336,2317
926,2684,1949,2102,2226,1336,2318
926,2685,1950,2102,2227,1336,2319
927,2686,1951,2102,2228,1337,2320
927,2687,1952,2102,2229,1337,2321
927,2688,1953,2102,2230,1337,2322
927,2689,1954,2102,2231,1337,2323
928,2690,1955,2102,2232,1338,2324
928,2691,1956,2102,2233,1339,2325
928,2692,1957,2102,2234,1339,2326
929,2693,1958,2102,2235,1340,2327
929,2694,1959,2102,2236,1341,2328
930,2695,1960,2102,2237,1341,2329
930,2696,1961,2102,2238,1341,2330
930,2697,1962,2102,2239,1342,2331
930,2698,1963,2102,2240,1343,2332
930,2699,1964,2102,2241,1344,2333
931,2700,1965,2102,2242,1344,2334
931,2701,1966,2102,2243,1345,2335
932,2702,1967,2102,2244,1346,2336
932,2703,1968,2102,2245,1346,2337
933,2704,1969,2102,2246,1347,2338
934,2705,1970,2102,2247,1347,2339
934,2706,1971,2102,2247,1347,2340
934,2707,1972,2102,2247,1348,2341
935,2708,1973,2102,2248,1348,2342
935,2709,1974,2102,2249,1349,2342
935,2710,1975,2102,2250,1350,2343
936,2711,1976,2102,2250,1350,2344
936,2712,1977,2102,2251,1350,2344
936,2713,1978,2102,2252,1351,2345
937,2714,1979,2102,2253,1352,2346
937,2715,1980,2102,2254,1353,2347
937,2716,1981,2102,2255,1353,2348
937,2717,1982,2102,2256,1353,2349
937,2718,1983,2102,2256,1354,2349
938,2719,1984,2102,2256,1355,2350
938,2720,1985,2102,2257,1355,2351
939,2721,1986,2102,2258,1356,2352
939,2722,1987,2102,2258,1357,2353
940,2723,1988,2102,2259,1357,2354
941,2724,1989,2102,2260,1357,2355
941,2725,1990,2102,2261,1357,2356
941,2726,1991,2102,2262,1358,2356
941,2727,1992,2102,2263,1358,2357
941,2728,1993,2102,2264,1358,2358
942,2729,1994,2102,2265,1359,2359
942,2730,1995,2102,2266,1359,2360
942,2731,1996,2102,2267,1359,2361
942,2732,1997,2102,2268,1360,2362
943,2733,1998,2102,2269,1360,2362
943,2734,1999,2102,2270,1360,2362
943,2735,2000,2102,2271,1360,2362
943,2736,2001,2102,2272,1361,2363
943,2737,2002,2102,2273,1361,2364
943,2738,2003,2102,2274,1362,2365
944,2739,2004,2102,2275,1363,2366
944,2740,2005,2102,2276,1363,2367
945,2741,2006,2102,2277,1363,2368
945,2742,2007,2102,2278,1364,2369
946,2743,2008,2102,2279,1365,2370
946,2744,2009,2102,2280,1366,2371
946,2745,2010,2102,2280,1366,2372
946,2746,2011,2102,2281,1366,2373
947,2747,2012,2102,2282,1366,2374
947,2748,2013,2102,2282,1367,2374
947,2749,2014,2102,2283,1368,2374
947,2750,2015,2102,2284,1369,2375
947,2751,2016,2102,2285,1369,2376
948,2752,2017,2102,2286,1369,2377
948,2753,2018,2102,2287,1370,2378
949,2754,2019,2102,2288,1370,2379
949,2755,2020,2102,2289,1370,2380
949,2756,2021,2102,2290,1370,2381
950,2757,2022,2102,2291,1370,2382
950,2758,2023,2102,2291,1370,2383
950,2759,2024,2102,2292,1371,2384
950,2760,2025,2102,2293,1371,2385
950,2761,2026,2102,2294,1372,2386
951,2762,2027,2102,2295,1373,2387
951,2763,2028,2102,2296,1373,2388
952,2764,2029,2102,2297,1373,2389
952,2765,2030,2102,2298,1373,2390
952,2766,2031,2102,2298,1373,2391
952,2767,2031,2102,2299,1373,2392
953,2768,2032,2102,2299,1374,2393
953,2769,2033,2102,2300,1374,2394
953,2770,2034,2102,2301,1375,2395
953,2771,2035,2102,2302,1376,2396
953,2772,2036,2102,2303,1377,2397
954,2773,2037,2102,2303,1377,2398
954,2774,2038,2102,2304,1377,2398
955,2775,2039,2102,2305,1378,2399
955,2776,2040,2102,2306,1378,2400
956,2777,2041,2102,2306,1378,2401
957,2778,2042,2102,2307,1378,2401
957,2779,2043,2102,2308,1378,2401
958,2780,2044,2102,2309,1379,2402
958,2781,2045,2102,2310,1380,2403
959,2782,2046,2102,2311,1380,2404
960,2783,2047,2102,2311,1380,2405
960,2784,2048,2102,2312,1380,2405
961,2785,2049,2102,2313,1381,2406
961,2786,2050,2102,2313,1381,2407
961,2787,2051,2102,2314,1382,2408
961,2788,2052,2102,2315,1382,2409
961,2789,2053,2102,2316,1383,2410
961,2790,2054,2102,2317,1383,2411
961,2791,2055,2102,2317,1383,2412
962,2792,2056,2102,2318,1383,2413
963,2793,2057,2102,2319,1383,2414
964,2794,2058,2102,2320,1384,2415
964,2795,2059,2102,2321,1385,2416
964,2796,2060,2102,2322,1386,2417
965,2797,2061,2102,2322,1386,2418
965,2798,2062,2102,2322,1386,2419
965,2799,2063,2102,2323,1386,2420
966,2800,2064,2102,2324,1387,2421
966,2801,2065,2102,2324,1388,2422
966,2802,2066,2102,2325,1389,2423
967,2803,2067,2102,2326,1390,2423
967,2804,2068,2102,2327,1391,2424
967,2805,2069,2102,2328,1392,2425
968,2806,2070,2102,2329,1392,2426
968,2807,2071,2102,2329,1393,2427
968,2808,2072,2102,2330,1393,2428
969,2809,2073,2102,2331,1393,2429
970,2810,2074,2102,2331,1393,2430
971,2811,2075,2102,2332,1394,2431
971,2812,2076,2102,2333,1394,2432
972,2813,2077,2102,2334,1394,2433
973,2814,2078,2102,2335,1394,2434
973,2815,2079,2102,2336,1395,2435
973,2816,2080,2102,2337,1396,2436
973,2817,2081,2102,2338,1396,2437
974,2818,2082,2102,2339,1397,2438
974,2819,2083,2102,2340,1397,2439
974,2820,2084,2102,2341,1397,2440
975,2821,2085,2102,2342,1398,2441
975,2822,2086,2102,2342,1398,2442
975,2823,2087,2102,2343,1398,2443
975,2824,2088,2102,2344,1399,2444
975,2825,2089,2102,2345,1399,2445
976,2826,2090,2102,2346,1400,2446
976,2827,2091,2102,2347,1400,2447
977,2828,2092,2102,2348,1401,2448
978,2829,2093,2102,2349,1401,2449
978,2830,2094,2102,2350,1402,2450
979,2831,2095,2102,2351,1402,2451
980,2832,2096,2102,2352,1402,2452
980,2833,2097,2102,2353,1402,2453
981,2834,2098,2102,2354,1403,2454
982,2835,2099,2102,2355,1403,2455
982,2836,2099,2102,2355,1403,2456
982,2837,2100,2102,2355,1403,2457
983,2838,2101,2102,2356,1404,2458
983,2839,2102,2102,2357,1404,2459
984,2840,2103,2102,2358,1405,2460
985,2841,2104,2102,2359,1406,2461
986,2842,2105,2102,2360,1406,2461
986,2843,2106,2102,2361,1407,2462
986,2844,2107,2102,2362,1407,2463
986,2845,2108,2102,2363,1407,2464
986,2846,2109,2102,2363,1407,2465
987,2847,2110,2102,2364,1407,2466
987,2848,2111,2102,2365,1407,2467
987,2849,2112,2102,2366,1407,2468
988,2850,2113,2102,2367,1407,2469
988,2851,2114,2102,2368,1407,2470
988,2852,2115,2102,2369,1408,2471
988,2853,2116,2102,2370,1408,2472
988,2854,2117,2102,2371,1408,2473
988,2855,2118,2102,2372,1408,2474
988,2856,2119,2102,2372,1408,2474
989,2857,2120,2102,2373,1409,2475
990,2858,2121,2102,2374,1410,2476
990,2859,2122,2102,2375,1410,2477
990,2860,2123,2102,2376,1410,2478
990,2861,2124,2102,2377,1411,2479
991,2862,2125,2102,2378,1411,2480
991,2863,2126,2102,2378,1411,2481
991,2864,2127,2102,2379,1412,2482
991,2865,2128,2102,2380,1413,2483
992,2866,2129,2102,2381,1414,2484
992,2867,2130,2102,2382,1415,2485
992,2868,2131,2102,2383,1415,2486
992,2869,2132,2102,2383,1416,2487
992,2870,2133,2102,2383,1416,2488
992,2871,2134,2102,2384,1416,2489
992,2872,2135,2102,2385,1417,2490
993,2873,2136,2102,2386,1417,2491
993,2874,2136,2102,2386,1418,2492
994,2875,2136,2102,2386,1419,2493
994,2876,2136,2102,2386,1420,2494
995,2877,2136,2102,2386,1420,2495
995,2878,2136,2102,2386,1421,2496
996,2879,2136,2102,2386,1421,2497
997,2880,2136,2102,2386,1421,2498
997,2881,2136,2102,2386,1422,2499
998,2882,2136,2102,2386,1423,2500
999,2883,2136,2102,2386,1424,2501
999,2884,2136,2102,2386,1424,2502
999,2885,2136,2102,2386,1425,2503
999,2886,2136,2102,2386,1425,2504
1000,2887,2136,2102,2386,1426,2505
1000,2888,2136,2102,2386,1427,2506
1001,2889,2136,2102,2386,1427,2507
1001,2890,2136,2102,2386,1427,2508
1001,2891,2136,2102,2386,1427,2509
1001,2892,2136,2102,2386,1428,2510
1002,2893,2136,2102,2386,1428,2511
1002,2894,2136,2102,2386,1428,2512
1002,2895,2136,2102,2386,1428,2513
1003,2896,2136,2102,2386,1428,2514
1003,2897,2136,2102,2386,1428,2515
1003,2898,2136,2102,2386,1428,2516
1003,2899,2136,2102,2386,1429,2517
1004,2900,2136,2102,2386,1430,2518
1005,2901,2136,2102,2386,1431,2519
1005,2902,2136,2102,2386,1432,2520
1005,2903,2136,2102,2386,1433,2521
1006,2904,2136,2102,2386,1433,2522
1006,2905,2136,2102,2386,1434,2523
1007,2906,2136,2102,2386,1435,2524
1007,2907,2136,2102,2386,1436,2525
1007,2908,2136,2102,2386,1436,2526
1007,2909,2136,2102,2386,1437,2527
1008,2910,2136,2102,2386,1438,2528
1009,2911,2136,2102,2386,1438,2529
1009,2912,2136,2102,2386,1439,2530
1010,2913,2136,2102,2386,1439,2531
1010,2914,2136,2102,2386,1440,2532
1011,2915,2136,2102,2386,1441,2533
1011,2916,2136,2102,2386,1441,2534
1011,2917,2136,2102,2386,1442,2535
1011,2918,2136,2102,2386,1442,2536
1011,2919,2136,2102,2386,1443,2537
1012,2920,2136,2102,2386,1443,2538
1012,2921,2136,2102,2386,1444,2539
1012,2922,2136,2102,2386,1444,2540
1013,2923,2136,2102,2386,1444,2541
1013,2924,2136,2102,2386,1444,2541
1014,2925,2136,2102,2386,1444,2542
1014,2926,2136,2102,2386,1445,2543
1014,2927,2136,2102,2386,1445,2544
1015,2928,2136,2102,2386,1445,2545
1015,2929,2136,2102,2386,1445,2546
1016,2930,2136,2102,2386,1445,2547
1016,2931,2136,2102,2386,1445,2548
1016,2932,2136,2102,2386,1445,2548
1017,2933,2136,2102,2386,1446,2549
1017,2934,2136,2102,2386,1446,2549
1017,2935,2136,2102,2386,1446,2549
1017,2936,2136,2102,2386,1446,2549
1017,2937,2136,2102,2386,1446,2549
1017,2938,2136,2102,2386,1446,2549
1017,2939,2136,2102,2386,1446,2550
1017,2940,2136,2102,2386,1447,2551
1017,2941,2136,2102,2386,1447,2552
1017,2942,2136,2102,2386,1447,2553
1017,2943,2136,2102,2386,1448,2554
1018,2944,2136,2102,2386,1448,2555
1018,2945,2136,2102,2386,1449,2556
1019,2946,2136,2102,2386,1450,2557
1019,2947,2136,2102,2386,1451,2558
1019,2948,2136,2102,2386,1451,2559
1019,2949,2136,2102,2386,1452,2560
1020,2950,2136,2102,2386,1453,2561
1020,2951,2136,2102,2386,1453,2562
1021,2952,2136,2102,2386,1453,2563
1021,2953,2136,2102,2386,1453,2564
1021,2954,2136,2102,2386,1453,2565
1022,2955,2136,2102,2386,1453,2566
1022,2956,2136,2102,2386,1453,2566
1023,2957,2136,2102,2386,1453,2567
1023,2958,2136,2102,2386,1454,2568
1023,2959,2136,2102,2386,1454,2569
1023,2960,2136,2102,2386,1454,2569
1024,2961,2136,2102,2386,1455,2570
1024,2962,2136,2102,2386,1455,2571
1025,2963,2136,2102,2386,1456,2572
1025,2964,2136,2102,2386,1456,2573
1025,2965,2136,2102,2386,1457,2574
1026,2966,2136,2102,2386,1457,2575
1026,2967,2136,2102,2386,1457,2576
1027,2968,2136,2102,2386,1458,2577
1028,2969,2136,2102,2386,1459,2578
1029,2970,2136,2102,2386,1460,2579
1030,2971,2136,2102,2386,1460,2580
1030,2972,2136,2102,2386,1461,2581
1031,2973,2136,2102,2386,1462,2582
1032,2974,2136,2102,2386,1463,2583
1032,2975,2136,2102,2386,1463,2584
1032,2976,2136,2102,2386,1463,2585
1032,2977,2136,2102,2386,1463,2586
1033,2978,2136,2102,2386,1464,2587
1034,2979,2136,2102,2386,1464,2588
1034,2980,2136,2102,2386,1464,2589
1034,2981,2136,2102,2386,1464,2590
1034,2982,2136,2102,2386,1464,2591
1034,2983,2136,2102,2386,1464,2592
1034,2984,2136,2102,2386,1465,2593
1035,2985,2136,2102,2386,1466,2594
1035,2986,2136,2102,2386,1467,2595
1036,2987,2136,2102,2386,1468,2596
1036,2988,2136,2102,2386,1469,2597
1037,2989,2136,2102,2386,1469,2598
1037,2990,2136,2102,2386,1470,2599
1038,2991,2136,2102,2386,1470,2600
1038,2992,2136,2102,2386,1471,2601
1038,2993,2136,2102,2386,1472,2602
1039,2994,2136,2102,2386,1472,2603
1039,2995,2136,2102,2386,1473,2604
1039,2996,2136,2102,2386,1473,2605
1039,2997,2136,2102,2386,1474,2606
1039,2998,2136,2102,2386,1475,2607
1040,2999,2136,2102,2386,1475,2608
1040,3000,2136,2102,2386,1476,2609
1040,3001,2136,2102,2386,1477,2610
1040,3002,2136,2102,2386,1478,2611
1040,3003,2136,2102,2386,1479,2612
1041,3004,2136,2102,2386,1479,2613
1041,3005,2136,2102,2386,1479,2614
1041,3006,2136,2102,2386,1480,2615
1042,3007,2136,2102,2386,1481,2615
1042,3008,2136,2102,2386,1482,2616
1043,3009,2136,2102,2386,1482,2617
1044,3010,2136,2102,2386,1483,2618
1045,3011,2136,2102,2386,1484,2619
1046,3012,2136,2102,2386,1484,2620
1047,3013,2136,2102,2386,1485,2621
1048,3014,2136,2102,2386,1486,2622
1048,3015,2136,2102,2386,1486,2623
1048,3016,2136,2102,2386,1486,2624
1048,3017,2136,2102,2386,1486,2625
1048,3018,2136,2102,2386,1486,2625
1048,3019,2136,2102,2386,1486,2625
1048,3020,2136,2102,2386,1486,2625
1048,3021,2136,2102,2386,1486,2625
1049,3022,2136,2102,2386,1487,2626
1049,3023,2136,2102,2386,1487,2627
1049,3024,2136,2102,2386,1488,2628
1050,3025,2136,2102,2386,1489,2629
1050,3026,2136,2102,2386,1490,2630
1051,3027,2136,2102,2386,1490,2631
1051,3028,2136,2102,2386,1490,2632
1052,3029,2136,2102,2386,1490,2633
1053,3030,2136,2102,2386,1490,2634
1053,3031,2136,2102,2386,1491,2634
1053,3032,2136,2102,2386,1491,2635
1053,3033,2136,2102,2386,1491,2636
1054,3034,2136,2102,2386,1492,2637
1054,3035,2136,2102,2386,1493,2638
1055,3036,2136,2102,2386,1493,2639
1056,3037,2136,2102,2386,1493,2640
1057,3038,2136,2102,2386,1493,2641
1058,3039,2136,2102,2386,1493,2642
1058,3040,2136,2102,2386,1493,2643
1059,3041,2136,2102,2386,1493,2644
1059,3042,2136,2102,2386,1493,2645
1060,3043,2136,2102,2386,1494,2646
